BirdID,SexEstimate,HatchYear,CohortYear,BirthIsland,SeasonBorn,AgeClassAtFirstCapture,IndependentAtFirstCapture,AdultAtFirstCapture,Translocated,MinorBreedingSeason,AgeAtDeathCousinBiAnnualSeason,SurviveToFirstYear_BiAnnual,Survival_Status,Survival_Status_WS2018,CountOfSurvivingOffspringTo1Year,CountOfSurvivingOffspringToOFL,TLR3,A_allele_presence,C_allele_presence,Hs_obs,Maternal_Hs_obs,MHCDiversity,Aseua4
1209,1,1997,97-99,CN,SB,CH,CH-FL,No,Yes,MINOR,7,Y,0,0,na,na,A:A,Yes,No,1.029444358,1.126690442,6,0
1222,0,1997,97-99,CN,WB,FL,CH-FL,No,Yes,MINOR,7.5,Y,0,0,na,na,C:A,Yes,Yes,1.176507837,1.056272289,4,0
1359,1,1998,97-99,CN,SB,CH,CH-FL,No,Yes,MINOR,6,Y,0,0,na,na,C:A,Yes,Yes,0.808849138,1.056272289,4,1
1396,1,1998,97-99,CN,SB,CH,CH-FL,No,Yes,MINOR,6,Y,0,0,na,na,C:A,Yes,Yes,0.808849138,na,5,0
1427,1,1999,97-99,CN,SB,FL,CH-FL,No,Yes,MINOR,5,Y,0,0,na,na,C:A,Yes,Yes,0.808849138,0.985854137,5,0
1435,1,1999,97-99,CN,SB,CH,CH-FL,No,Yes,MINOR,5,Y,0,0,na,na,C:A,Yes,Yes,1.176507837,0.845017831,4,0
1490,0,1999,97-99,CN,SB,SA,OLDER,No,Yes,MINOR,5,Y,0,0,na,na,C:C,No,Yes,1.102976097,na,3,0
1500,1,1999,97-99,CN,SB,FL,CH-FL,No,Yes,MINOR,5,Y,0,0,na,na,A:A,Yes,No,1.029444358,1.126690442,2,0
1508,0,1999,97-99,CN,WB,OFL,OLDER,No,Yes,MINOR,5.5,Y,0,0,na,na,C:A,Yes,Yes,1.323571317,1.478781205,2,0
1550,0,1999,97-99,CN,SB,FL,CH-FL,No,Yes,MINOR,5,Y,0,0,na,na,C:A,Yes,Yes,0.735317398,1.126690442,5,0
1561,0,1999,97-99,CN,SB,FL,CH-FL,No,Yes,MINOR,5,Y,0,0,na,na,A:A,Yes,No,0.808849138,1.267526747,5,0
3462,0,2005,05-Oct,CN,SB,FL,CH-FL,No,Yes,MINOR,6.5,Y,0,0,na,na,C:A,Yes,Yes,0.882380878,0.985854137,5,0
4902,1,2006,05-Oct,CN,SB,CH,CH-FL,No,Yes,MINOR,5.5,Y,0,0,na,na,C:A,Yes,Yes,1.250039577,1.197108594,5,1
5116,1,2006,05-Oct,CN,WB,SA,OLDER,No,Yes,MINOR,6,Y,0,0,na,na,C:A,Yes,Yes,1.029444358,1.197108594,6,0
5144,1,2007,05-Oct,CN,SB,CH,CH-FL,No,Yes,MINOR,4.5,Y,0,0,na,na,C:A,Yes,Yes,1.102976097,1.056272289,4,1
5167,1,2007,05-Oct,CN,SB,FL,CH-FL,No,Yes,MINOR,4.5,Y,0,0,na,na,C:A,Yes,Yes,0.955912618,1.126690442,6,0
5240,1,2008,05-Oct,CN,SB,OFL,OLDER,No,Yes,MINOR,3.5,Y,0,0,na,na,C:A,Yes,Yes,1.102976097,0.985854137,6,0
5313,0,2009,05-Oct,CN,SB,CH,CH-FL,No,Yes,MINOR,2.5,Y,0,0,na,na,A:A,Yes,No,1.029444358,1.126690442,5,0
5315,0,2009,05-Oct,CN,WB,OFL,OLDER,No,Yes,MINOR,3,Y,0,0,na,na,C:A,Yes,Yes,1.250039577,0.985854137,3,0
5316,1,2009,05-Oct,CN,WB,OFL,OLDER,No,Yes,MINOR,3,Y,0,0,na,na,C:A,Yes,Yes,1.102976097,0.704181526,5,0
5335,1,2008,05-Oct,CN,WB,SA,OLDER,No,Yes,MINOR,4,Y,0,0,na,na,C:A,Yes,Yes,0.955912618,1.056272289,4,0
5457,0,2009,05-Oct,CN,SB,FL,CH-FL,No,Yes,MINOR,2.5,Y,0,0,na,na,A:A,Yes,No,0.955912618,1.126690442,4,1
5497,1,2009,05-Oct,CN,SB,OFL,OLDER,No,Yes,MINOR,2.5,Y,0,0,na,na,C:A,Yes,Yes,0.808849138,0.985854137,2,0
5515,1,2009,05-Oct,CN,WB,SA,OLDER,No,Yes,MINOR,3,Y,0,0,na,na,C:A,Yes,Yes,1.029444358,0.985854137,4,0
5516,0,2009,05-Oct,CN,WB,SA,OLDER,No,Yes,MINOR,3,Y,0,0,na,na,A:A,Yes,No,1.102976097,1.197108594,7,0
5532,0,2009,05-Oct,CN,WB,SA,OLDER,No,Yes,MINOR,3,Y,0,0,na,na,A:A,Yes,No,1.397103057,1.126690442,5,1
5539,1,2009,05-Oct,CN,WB,SA,OLDER,No,Yes,MINOR,3,Y,0,0,na,na,C:A,Yes,Yes,0.808849138,1.267526747,4,0
5540,1,2010,05-Oct,CN,SB,CH,CH-FL,No,Yes,MINOR,1.5,Y,0,0,na,na,A:A,Yes,No,1.176507837,1.126690442,3,1
5550,1,2010,05-Oct,CN,SB,CH,CH-FL,No,Yes,MINOR,1.5,Y,0,0,na,na,C:C,No,Yes,0.735317398,1.056272289,2,0
5551,1,2010,05-Oct,CN,SB,CH,CH-FL,No,Yes,MINOR,1.5,Y,0,0,na,na,C:A,Yes,Yes,0.808849138,0.985854137,2,0
5553,0,2010,05-Oct,CN,SB,CH,CH-FL,No,Yes,MINOR,1.5,Y,0,0,na,na,A:A,Yes,No,0.955912618,1.267526747,8,1
5554,1,2010,05-Oct,CN,SB,CH,CH-FL,No,Yes,MINOR,1.5,Y,0,0,na,na,C:A,Yes,Yes,1.323571317,0.563345221,6,0
5561,1,2010,05-Oct,CN,SB,FL,CH-FL,No,Yes,MINOR,1.5,Y,0,0,na,na,C:A,Yes,Yes,1.102976097,0.774599679,6,0
5573,0,2009,05-Oct,CN,WB,SA,OLDER,No,Yes,MINOR,3,Y,0,0,na,na,A:A,Yes,No,1.397103057,0.563345221,5,1
5574,0,2010,05-Oct,CN,SB,CH,CH-FL,No,Yes,MINOR,1.5,Y,0,0,na,na,A:A,Yes,No,1.102976097,0.704181526,4,1
5591,1,2010,05-Oct,CN,WB,SA,OLDER,No,Yes,MINOR,2,Y,0,0,na,na,A:A,Yes,No,1.029444358,0.563345221,6,0
5610,0,2010,05-Oct,CN,WB,SA,OLDER,No,Yes,MINOR,2,Y,0,0,na,na,A:A,Yes,No,1.029444358,1.267526747,7,0
5754,1,2010,05-Oct,CN,SB,SA,OLDER,No,Yes,MINOR,1.5,Y,0,0,na,na,C:A,Yes,Yes,0.808849138,1.126690442,6,0
3486,1,2005,05-Oct,CN,SB,CH,CH-FL,No,No,MINOR,13,Y,0,0,6,8,A:A,Yes,No,0.661785658,0.915435984,6,0
3497,0,2005,05-Oct,CN,WB,OFL,OLDER,No,No,MINOR,13.5,Y,0,0,2,2,A:A,Yes,No,0.955912618,0.915435984,6,0
3596,0,2005,05-Oct,CN,SB,CH,CH-FL,No,No,MINOR,13,Y,0,0,6,6,C:A,Yes,Yes,1.323571317,0.985854137,5,0
4860,1,2006,05-Oct,CN,SB,FL,CH-FL,No,No,MINOR,12,Y,0,0,5,7,A:A,Yes,No,1.029444358,1.056272289,6,0
4861,0,2006,05-Oct,CN,SB,CH,CH-FL,No,No,MINOR,12,Y,0,0,2,2,C:C,No,Yes,0.882380878,0.985854137,4,1
4885,0,2006,05-Oct,CN,SB,CH,CH-FL,No,No,MINOR,12,Y,0,0,1,1,C:A,Yes,Yes,1.176507837,1.056272289,2,1
4958,0,2006,05-Oct,CN,WB,FL,CH-FL,No,No,MINOR,12.5,Y,0,0,10,11,C:A,Yes,Yes,0.955912618,1.197108594,5,0
4965,0,2006,05-Oct,CN,SB,FL,CH-FL,No,No,MINOR,12,Y,0,0,6,12,A:A,Yes,No,1.102976097,1.197108594,6,1
5009,0,2006,05-Oct,CN,SB,SA,OLDER,No,No,MINOR,12,Y,0,0,0,0,A:A,Yes,No,1.029444358,0.985854137,6,0
5075,0,2006,05-Oct,CN,WB,SA,OLDER,No,No,MINOR,12.5,Y,0,0,4,5,C:A,Yes,Yes,1.029444358,0.633763373,6,0
5077,1,2007,05-Oct,CN,SB,FL,CH-FL,No,No,MINOR,11,Y,0,0,7,7,C:A,Yes,Yes,0.735317398,0.845017831,5,0
5292,1,2008,05-Oct,CN,WB,FL,CH-FL,No,No,MINOR,10.5,Y,0,0,7,8,A:A,Yes,No,1.176507837,0.422508916,6,0
5319,0,2008,05-Oct,CN,WB,FL,CH-FL,No,No,MINOR,10.5,Y,0,0,3,4,A:A,Yes,No,1.176507837,1.197108594,6,0
5321,1,2008,05-Oct,CN,WB,FL,CH-FL,No,No,MINOR,10.5,Y,0,0,3,4,A:A,Yes,No,1.544166536,1.126690442,5,0
5452,0,2009,05-Oct,CN,SB,FL,CH-FL,No,No,MINOR,9,Y,0,0,4,4,C:A,Yes,Yes,1.176507837,0.915435984,5,0
5456,1,2009,05-Oct,CN,SB,CH,CH-FL,No,No,MINOR,9,Y,0,0,4,4,C:A,Yes,Yes,0.955912618,0.985854137,5,0
5514,0,2009,05-Oct,CN,WB,SA,OLDER,No,No,MINOR,9.5,Y,0,0,4,5,C:A,Yes,Yes,1.323571317,0.633763373,6,0
3595,0,2005,05-Oct,CN,SB,CH,CH-FL,No,No,MINOR,13,Y,1,0,5,7,A:A,Yes,No,0.882380878,1.267526747,4,0
4947,1,2006,05-Oct,CN,SB,FL,CH-FL,No,No,MINOR,12,Y,1,0,0,1,A:A,Yes,No,0.882380878,na,4,0
5128,0,2007,05-Oct,CN,SB,CH,CH-FL,No,No,MINOR,11,Y,1,0,4,6,C:C,No,Yes,1.102976097,0.845017831,5,0
5291,1,2008,05-Oct,CN,SB,OFL,OLDER,No,No,MINOR,10,Y,1,0,7,11,C:A,Yes,Yes,1.029444358,1.3379449,2,0
1152,0,1997,97-99,CN,SB,FL,CH-FL,No,No,NOMINOR,5,Y,1,1,1,1,A:A,Yes,No,1.102976097,0.985854137,2,0
1170,0,1997,97-99,CN,SB,FL,CH-FL,No,No,MINOR,11,Y,1,1,3,5,C:C,No,Yes,1.250039577,1.197108594,4,1
1179,1,1997,97-99,CN,SB,FL,CH-FL,No,No,NOMINOR,3,Y,1,1,1,1,C:C,No,Yes,1.176507837,0.985854137,5,0
1181,1,1997,97-99,CN,SB,FL,CH-FL,No,No,MINOR,0.5,N,1,1,0,0,C:C,No,Yes,1.029444358,1.056272289,5,0
1202,1,1997,97-99,CN,WB,SA,OLDER,No,No,MINOR,1,Y,1,1,0,0,A:A,Yes,No,1.029444358,1.126690442,3,0
1207,0,1997,97-99,CN,SB,CH,CH-FL,No,No,MINOR,0,N,1,1,0,0,C:A,Yes,Yes,0.441190439,1.126690442,5,0
1208,0,1997,97-99,CN,SB,CH,CH-FL,No,No,MINOR,0,N,1,1,0,0,C:A,Yes,Yes,1.029444358,1.126690442,3,0
1210,0,1997,97-99,CN,SB,CH,CH-FL,No,No,MINOR,0,N,1,1,0,0,C:A,Yes,Yes,1.176507837,1.197108594,6,0
1214,1,1997,97-99,CN,SB,OFL,OLDER,No,No,MINOR,9,Y,1,1,1,2,A:A,Yes,No,0.955912618,0.704181526,5,0
1215,1,1997,97-99,CN,SB,CH,CH-FL,No,No,MINOR,2,Y,1,1,0,0,A:A,Yes,No,1.176507837,1.3379449,5,0
1216,0,1997,97-99,CN,SB,OFL,OLDER,No,No,MINOR,1,Y,1,1,0,0,C:A,Yes,Yes,1.102976097,1.267526747,6,0
1220,1,1997,97-99,CN,SB,CH,CH-FL,No,No,MINOR,0,N,1,1,0,0,A:A,Yes,No,0.808849138,0.985854137,6,0
1221,1,1997,97-99,CN,SB,FL,CH-FL,No,No,MINOR,6.5,Y,1,1,1,3,A:A,Yes,No,1.102976097,1.056272289,4,0
1223,1,1998,97-99,CN,WB,CH,CH-FL,No,No,MINOR,0,N,1,1,0,0,A:A,Yes,No,1.04433138,1.3379449,2,0
1225,0,1997,97-99,CN,WB,SA,OLDER,No,No,MINOR,1,Y,1,1,0,0,C:C,No,Yes,0.882380878,1.056272289,6,0
1226,1,1997,97-99,CN,SB,CH,CH-FL,No,No,MINOR,0,N,1,1,0,0,A:A,Yes,No,1.029444358,1.126690442,6,0
1227,0,1997,97-99,CN,WB,CH,CH-FL,No,No,MINOR,2.5,Y,1,1,0,0,C:A,Yes,Yes,0.955912618,1.357322204,4,0
1229,1,1998,97-99,CN,WB,CH,CH-FL,No,No,MINOR,0,N,1,1,0,0,C:A,Yes,Yes,1.029444358,0.915435984,5,0
1231,0,1997,97-99,CN,SB,CH,CH-FL,No,No,MINOR,1,Y,1,1,0,0,C:A,Yes,Yes,1.102976097,1.197108594,4,1
1233,1,1997,97-99,CN,SB,CH,CH-FL,No,No,MINOR,0,N,1,1,0,0,C:A,Yes,Yes,1.176507837,1.126690442,6,0
1234,1,1997,97-99,CN,SB,FL,CH-FL,No,No,NOMINOR,3,Y,1,1,1,1,C:A,Yes,Yes,1.250039577,1.478781205,6,0
1237,1,1997,97-99,CN,SB,CH,CH-FL,No,No,MINOR,0,N,1,1,0,0,A:A,Yes,No,0.808849138,0.633763373,5,0
1238,1,1997,97-99,CN,SB,CH,CH-FL,No,No,MINOR,0,N,1,1,0,0,A:A,Yes,No,1.176507837,1.197108594,2,0
1239,0,1997,97-99,CN,SB,CH,CH-FL,No,No,MINOR,0,N,1,1,0,0,A:A,Yes,No,1.323571317,1.126690442,6,0
1241,1,1997,97-99,CN,SB,CH,CH-FL,No,No,MINOR,0.5,N,1,1,0,0,C:C,No,Yes,0.882380878,1.126690442,2,0
1244,0,1997,97-99,CN,SB,SA,OLDER,No,No,MINOR,11,Y,1,1,4,5,C:A,Yes,Yes,1.102976097,na,6,0
1245,1,1998,97-99,CN,WB,CH,CH-FL,No,No,MINOR,0,N,1,1,0,0,C:C,No,Yes,0.955912618,0.985854137,2,0
1248,1,1998,97-99,CN,WB,FL,CH-FL,No,No,MINOR,0,N,1,1,0,0,C:C,No,Yes,0.955912618,1.056272289,6,0
1268,1,1998,97-99,CN,WB,CH,CH-FL,No,No,NOMINOR,5.5,Y,1,1,1,2,C:C,No,Yes,1.102976097,0.845017831,2,0
1270,0,1998,97-99,CN,WB,FL,CH-FL,No,No,MINOR,0.5,N,1,1,0,0,C:C,No,Yes,1.102976097,1.056272289,6,0
1275,0,1998,97-99,CN,WB,FL,CH-FL,No,No,MINOR,7.5,Y,1,1,1,3,C:A,Yes,Yes,0.661785658,0.915435984,5,0
1278,0,1998,97-99,CN,WB,FL,CH-FL,No,No,MINOR,1.5,Y,1,1,0,0,C:A,Yes,Yes,1.323571317,1.267526747,2,0
1286,1,1997,97-99,CN,WB,FL,CH-FL,No,No,NOMINOR,4.5,Y,1,1,0,0,C:A,Yes,Yes,1.029444358,1.267526747,4,0
1287,1,1998,97-99,CN,WB,FL,CH-FL,No,No,MINOR,8,Y,1,1,5,10,C:A,Yes,Yes,1.029444358,1.549199357,5,0
1288,0,1998,97-99,CN,WB,CH,CH-FL,No,No,MINOR,0,N,1,1,0,0,C:C,No,Yes,0.735317398,1.056272289,6,0
1290,1,1998,97-99,CN,WB,FL,CH-FL,No,No,NOMINOR,2.5,Y,1,1,1,1,A:A,Yes,No,0.955912618,0.985854137,4,1
1291,0,1998,97-99,CN,WB,FL,CH-FL,No,No,MINOR,0,N,1,1,0,0,C:A,Yes,Yes,1.029444358,1.056272289,5,0
1292,1,1998,97-99,CN,WB,OFL,OLDER,No,No,MINOR,0,N,1,1,0,0,C:A,Yes,Yes,0.882380878,na,5,0
1293,1,1998,97-99,CN,WB,CH,CH-FL,No,No,MINOR,0,N,1,1,0,0,C:A,Yes,Yes,0.661785658,1.126690442,5,0
1295,1,1997,97-99,CN,WB,CH,CH-FL,No,No,MINOR,1,Y,1,1,0,0,C:A,Yes,Yes,1.250039577,0.985854137,4,0
1296,1,1998,97-99,CN,WB,OFL,OLDER,No,No,MINOR,0,N,1,1,0,0,C:A,Yes,Yes,0.955912618,1.056272289,4,0
1297,0,1997,97-99,CN,WB,CH,CH-FL,No,No,MINOR,1,Y,1,1,0,0,C:A,Yes,Yes,0.882380878,0.704181526,2,0
1298,0,1997,97-99,CN,WB,CH,CH-FL,No,No,MINOR,1,Y,1,1,0,0,C:C,No,Yes,0.661785658,1.056272289,2,0
1300,0,1998,97-99,CN,WB,OFL,OLDER,No,No,MINOR,0,N,1,1,0,0,C:A,Yes,Yes,0.955912618,1.126690442,6,0
1302,1,1998,97-99,CN,WB,OFL,OLDER,No,No,MINOR,0,N,1,1,0,0,C:C,No,Yes,0.808849138,1.126690442,2,0
1304,0,1997,97-99,CN,SB,SA,OLDER,No,No,NOMINOR,3,Y,1,1,0,0,C:A,Yes,Yes,0.882380878,1.056272289,5,0
1305,0,1998,97-99,CN,WB,OFL,OLDER,No,No,MINOR,11,Y,1,1,2,3,C:A,Yes,Yes,0.661785658,1.408363052,6,0
1346,0,1998,97-99,CN,WB,SA,OLDER,No,No,MINOR,8,Y,1,1,0,0,C:C,No,Yes,1.029444358,na,5,1
1348,1,1998,97-99,CN,SB,CH,CH-FL,No,No,MINOR,5.5,Y,1,1,3,3,C:A,Yes,Yes,0.882380878,1.197108594,4,1
1355,0,1997,97-99,CN,WB,SA,OLDER,No,No,NOMINOR,6.5,Y,1,1,2,2,C:A,Yes,Yes,1.176507837,1.478781205,2,0
1358,1,1998,97-99,CN,WB,SA,OLDER,No,No,MINOR,8,Y,1,1,0,2,C:C,No,Yes,0.735317398,na,4,0
1361,0,1998,97-99,CN,SB,CH,CH-FL,No,No,MINOR,11.5,Y,1,1,5,6,C:C,No,Yes,0.661785658,1.126690442,5,1
1362,0,1998,97-99,CN,SB,CH,CH-FL,No,No,NOMINOR,5,Y,1,1,2,2,A:A,Yes,No,1.250039577,0.985854137,2,0
1363,1,1998,97-99,CN,SB,CH,CH-FL,No,No,MINOR,0,N,1,1,0,0,C:C,No,Yes,1.176507837,1.056272289,6,0
1365,0,1998,97-99,CN,SB,CH,CH-FL,No,No,MINOR,0,N,1,1,0,0,C:C,No,Yes,1.176507837,1.267526747,5,0
1366,0,1998,97-99,CN,SB,CH,CH-FL,No,No,NOMINOR,3,Y,1,1,0,0,C:C,No,Yes,0.882380878,0.915435984,5,1
1384,0,1998,97-99,CN,SB,CH,CH-FL,No,No,MINOR,11,Y,1,1,3,4,A:A,Yes,No,1.470634797,1.056272289,6,0
1385,0,1998,97-99,CN,SB,CH,CH-FL,No,No,NOMINOR,2,Y,1,1,0,0,A:A,Yes,No,1.029444358,1.197108594,4,1
1388,0,1998,97-99,CN,SB,CH,CH-FL,No,No,MINOR,6.5,Y,1,1,1,1,A:A,Yes,No,1.102976097,1.267526747,6,0
1389,0,1998,97-99,CN,SB,CH,CH-FL,No,No,MINOR,0,N,1,1,0,0,A:A,Yes,No,0.882380878,0.87605405,5,1
1390,0,1998,97-99,CN,SB,CH,CH-FL,No,No,NOMINOR,5,Y,1,1,0,0,A:A,Yes,No,1.029444358,na,7,0
1393,0,1998,97-99,CN,SB,CH,CH-FL,No,No,MINOR,0,N,1,1,0,0,A:A,Yes,No,0.808849138,1.267526747,6,0
1394,1,1998,97-99,CN,SB,CH,CH-FL,No,No,MINOR,11.5,Y,1,1,1,1,C:C,No,Yes,0.882380878,1.056272289,3,1
1397,0,1998,97-99,CN,SB,CH,CH-FL,No,No,MINOR,0,N,1,1,0,0,C:C,No,Yes,0.882380878,1.267526747,2,0
1398,1,1998,97-99,CN,SB,CH,CH-FL,No,No,MINOR,0,N,1,1,0,0,A:A,Yes,No,1.250039577,1.126690442,3,1
1400,0,1998,97-99,CN,SB,CH,CH-FL,No,No,MINOR,0,N,1,1,0,0,A:A,Yes,No,1.102976097,0.985854137,5,0
1405,1,1998,97-99,CN,SB,SA,OLDER,No,No,MINOR,1,Y,1,1,0,0,C:A,Yes,Yes,0.808849138,0.985854137,6,0
1406,0,1998,97-99,CN,SB,CH,CH-FL,No,No,MINOR,0,N,1,1,0,0,C:C,No,Yes,1.176507837,0.985854137,4,0
1407,1,1998,97-99,CN,SB,CH,CH-FL,No,No,MINOR,0,N,1,1,0,0,A:A,Yes,No,0.882380878,1.056272289,2,0
1410,0,1998,97-99,CN,SB,FL,CH-FL,No,No,MINOR,1,Y,1,1,0,0,C:A,Yes,Yes,0.955912618,1.056272289,6,0
1411,0,1998,97-99,CN,SB,CH,CH-FL,No,No,MINOR,0,N,1,1,0,0,A:A,Yes,No,0.882380878,na,5,0
1412,1,1998,97-99,CN,SB,FL,CH-FL,No,No,MINOR,12,Y,1,1,11,13,A:A,Yes,No,0.882380878,0.87605405,5,1
1415,0,1998,97-99,CN,SB,FL,CH-FL,No,No,MINOR,14.5,Y,1,1,6,9,C:A,Yes,Yes,0.955912618,1.549199357,6,0
1416,1,1998,97-99,CN,SB,FL,CH-FL,No,No,NOMINOR,2,Y,1,1,0,0,C:A,Yes,Yes,0.882380878,1.056272289,5,0
1418,0,1999,97-99,CN,SB,CH,CH-FL,No,No,NOMINOR,1,Y,1,1,0,0,C:A,Yes,Yes,0.735317398,1.056272289,6,0
1419,0,1999,97-99,CN,SB,CH,CH-FL,No,No,MINOR,9,Y,1,1,2,3,C:A,Yes,Yes,0.955912618,1.056272289,6,0
1420,1,1999,97-99,CN,WB,FL,CH-FL,No,No,MINOR,0.5,N,1,1,0,0,C:A,Yes,Yes,0.955912618,1.267526747,5,0
1421,0,1999,97-99,CN,WB,FL,CH-FL,No,No,NOMINOR,1.5,Y,1,1,0,0,A:A,Yes,No,0.882380878,1.267526747,5,0
1422,0,1999,97-99,CN,WB,FL,CH-FL,No,No,MINOR,0.5,N,1,1,0,0,C:A,Yes,Yes,1.102976097,1.056272289,5,0
1423,0,1999,97-99,CN,SB,CH,CH-FL,No,No,MINOR,0,N,1,1,0,0,C:A,Yes,Yes,1.029444358,0.774599679,5,0
1424,1,1999,97-99,CN,WB,FL,CH-FL,No,No,MINOR,0.5,N,1,1,0,0,C:A,Yes,Yes,1.102976097,0.985854137,3,0
1425,1,1999,97-99,CN,WB,FL,CH-FL,No,No,NOMINOR,3.5,Y,1,1,0,0,C:A,Yes,Yes,1.102976097,0.985854137,5,0
1426,1,1999,97-99,CN,WB,FL,CH-FL,No,No,MINOR,0.5,N,1,1,0,0,C:A,Yes,Yes,0.882380878,1.126690442,3,0
1428,0,1999,97-99,CN,WB,CH,CH-FL,No,No,NOMINOR,2.5,Y,1,1,0,0,A:A,Yes,No,0.808849138,0.985854137,3,1
1429,0,1999,97-99,CN,WB,CH,CH-FL,No,No,MINOR,7.5,Y,1,1,2,4,A:A,Yes,No,0.955912618,1.197108594,4,1
1431,0,1999,97-99,CN,WB,CH,CH-FL,No,No,NOMINOR,3.5,Y,1,1,0,0,C:C,No,Yes,0.955912618,0.633763373,5,0
1432,0,1998,97-99,CN,SB,SA,OLDER,No,No,MINOR,1,Y,1,1,0,2,C:A,Yes,Yes,1.102976097,0.845017831,3,0
1433,1,1999,97-99,CN,SB,CH,CH-FL,No,No,MINOR,0,N,1,1,0,0,C:A,Yes,Yes,0.514722179,na,4,0
1434,0,1999,97-99,CN,SB,FL,CH-FL,No,No,MINOR,0,N,1,1,0,0,C:A,Yes,Yes,1.176507837,1.357322204,3,0
1437,0,1998,97-99,CN,WB,SA,OLDER,No,No,MINOR,10,Y,1,1,6,7,A:A,Yes,No,0.735317398,0.704181526,2,0
1438,0,1999,97-99,CN,SB,CH,CH-FL,No,No,MINOR,15.5,Y,1,1,2,4,C:A,Yes,Yes,0.955912618,0.774599679,6,0
1439,0,1999,97-99,CN,SB,FL,CH-FL,No,No,MINOR,0,N,1,1,0,0,A:A,Yes,No,1.102976097,0.915435984,6,0
1440,1,1999,97-99,CN,SB,CH,CH-FL,No,No,MINOR,0,N,1,1,0,0,A:A,Yes,No,1.102976097,1.408363052,2,0
1486,1,1999,97-99,CN,SB,CH,CH-FL,No,No,MINOR,0,N,1,1,0,0,C:A,Yes,Yes,1.102976097,1.056272289,4,0
1487,0,1999,97-99,CN,SB,CH,CH-FL,No,No,MINOR,0,N,1,1,0,0,A:A,Yes,No,0.735317398,0.845017831,2,0
1488,1,1999,97-99,CN,SB,CH,CH-FL,No,No,NOMINOR,2,Y,1,1,0,0,A:A,Yes,No,0.808849138,na,5,0
1489,1,1999,97-99,CN,SB,CH,CH-FL,No,No,MINOR,15.5,Y,1,1,5,6,C:A,Yes,Yes,0.882380878,0.915435984,5,0
1491,0,1999,97-99,CN,SB,CH,CH-FL,No,No,MINOR,11,Y,1,1,7,8,A:A,Yes,No,1.029444358,na,6,0
1492,1,1999,97-99,CN,SB,OFL,OLDER,No,No,MINOR,5.5,Y,1,1,0,1,C:A,Yes,Yes,0.882380878,0.985854137,6,0
1493,1,1999,97-99,CN,SB,CH,CH-FL,No,No,NOMINOR,3,Y,1,1,0,0,C:A,Yes,Yes,0.882380878,1.126690442,6,0
1494,1,1999,97-99,CN,SB,CH,CH-FL,No,No,MINOR,15.5,Y,1,1,2,4,C:A,Yes,Yes,1.323571317,1.126690442,2,0
1496,1,1999,97-99,CN,SB,CH,CH-FL,No,No,NOMINOR,1,Y,1,1,0,0,C:C,No,Yes,0.955912618,0.774599679,2,0
1497,1,1999,97-99,CN,SB,FL,CH-FL,No,No,MINOR,0,N,1,1,0,0,C:C,No,Yes,1.102976097,0.845017831,6,0
1498,1,1999,97-99,CN,SB,CH,CH-FL,No,No,NOMINOR,1,Y,1,1,0,0,C:A,Yes,Yes,0.882380878,1.126690442,2,0
1499,1,1999,97-99,CN,SB,CH,CH-FL,No,No,MINOR,13.5,Y,1,1,4,7,A:A,Yes,No,1.029444358,1.056272289,6,0
1501,0,1998,97-99,CN,WB,SA,OLDER,No,No,MINOR,11.5,Y,1,1,6,7,C:A,Yes,Yes,0.955912618,1.3379449,4,0
1502,0,1999,97-99,CN,SB,CH,CH-FL,No,No,NOMINOR,2,Y,1,1,0,0,C:A,Yes,Yes,0.955912618,0.915435984,4,0
1503,0,1999,97-99,CN,WB,SA,OLDER,No,No,MINOR,9,Y,1,1,4,4,A:A,Yes,No,1.250039577,1.056272289,7,0
1504,1,1999,97-99,CN,SB,FL,CH-FL,No,No,MINOR,11,Y,1,1,7,9,A:A,Yes,No,1.250039577,1.690035663,5,0
1505,1,1999,97-99,CN,SB,CH,CH-FL,No,No,NOMINOR,1,Y,1,1,0,0,C:A,Yes,Yes,1.029444358,na,6,0
1506,0,1999,97-99,CN,SB,CH,CH-FL,No,No,MINOR,7.5,Y,1,1,3,5,C:A,Yes,Yes,1.250039577,1.267526747,6,0
1507,0,1999,97-99,CN,SB,FL,CH-FL,No,No,MINOR,0,N,1,1,0,0,C:A,Yes,Yes,1.397103057,1.056272289,5,0
1509,1,1999,97-99,CN,WB,OFL,OLDER,No,No,MINOR,11.5,Y,1,1,4,4,A:A,Yes,No,0.735317398,0.633763373,6,0
1510,0,1999,97-99,CN,SB,FL,CH-FL,No,No,MINOR,9.5,Y,1,1,5,5,C:C,No,Yes,0.588253919,0.845017831,6,0
1511,0,1999,97-99,CN,SB,OFL,OLDER,No,No,NOMINOR,3,Y,1,1,0,1,C:A,Yes,Yes,0.367658699,1.197108594,6,0
1512,1,1999,97-99,CN,SB,CH,CH-FL,No,No,MINOR,8.5,Y,1,1,4,5,C:A,Yes,Yes,1.176507837,0.985854137,6,0
1513,0,1999,97-99,CN,SB,CH,CH-FL,No,No,NOMINOR,2,Y,1,1,0,0,C:A,Yes,Yes,1.029444358,1.126690442,6,0
1514,1,1999,97-99,CN,SB,FL,CH-FL,No,No,NOMINOR,1,Y,1,1,0,0,C:A,Yes,Yes,1.176507837,1.3379449,2,0
1515,1,1999,97-99,CN,SB,FL,CH-FL,No,No,NOMINOR,2,Y,1,1,0,0,A:A,Yes,No,1.176507837,1.056272289,5,0
1516,0,1999,97-99,CN,SB,CH,CH-FL,No,No,MINOR,0,N,1,1,0,0,A:A,Yes,No,1.176507837,0.704181526,5,0
1518,0,1999,97-99,CN,SB,FL,CH-FL,No,No,MINOR,0,N,1,1,0,0,C:C,No,Yes,0.882380878,0.985854137,4,0
1519,1,1999,97-99,CN,SB,CH,CH-FL,No,No,MINOR,0,N,1,1,0,0,C:A,Yes,Yes,0.882380878,1.056272289,6,0
1520,1,1999,97-99,CN,SB,CH,CH-FL,No,No,MINOR,0,N,1,1,0,0,C:C,No,Yes,0.514722179,1.056272289,5,0
1521,1,1999,97-99,CN,SB,CH,CH-FL,No,No,NOMINOR,2,Y,1,1,0,0,C:C,No,Yes,1.102976097,1.3379449,4,0
1522,1,1999,97-99,CN,SB,CH,CH-FL,No,No,MINOR,0,N,1,1,0,0,A:A,Yes,No,1.102976097,0.774599679,4,0
1523,1,1999,97-99,CN,SB,OFL,OLDER,No,No,MINOR,13.5,Y,1,1,4,6,A:A,Yes,No,0.808849138,1.126690442,6,1
1524,1,1999,97-99,CN,SB,CH,CH-FL,No,No,MINOR,7.5,Y,1,1,3,4,A:A,Yes,No,0.735317398,0.985854137,2,0
1525,0,1999,97-99,CN,SB,CH,CH-FL,No,No,MINOR,0,N,1,1,0,0,C:A,Yes,Yes,0.735317398,1.126690442,6,0
1526,1,1999,97-99,CN,SB,CH,CH-FL,No,No,MINOR,0,N,1,1,0,0,A:A,Yes,No,0.808849138,0.845017831,4,0
1527,0,1999,97-99,CN,SB,CH,CH-FL,No,No,NOMINOR,2,Y,1,1,0,0,C:C,No,Yes,0.882380878,0.985854137,3,0
1528,0,1999,97-99,CN,SB,CH,CH-FL,No,No,MINOR,0,N,1,1,0,0,C:A,Yes,Yes,1.102976097,0.845017831,5,0
1529,1,1999,97-99,CN,SB,CH,CH-FL,No,No,MINOR,0,N,1,1,0,0,C:A,Yes,Yes,1.029444358,0.985854137,5,0
1530,0,1999,97-99,CN,SB,CH,CH-FL,No,No,MINOR,0,N,1,1,0,0,C:C,No,Yes,0.955912618,0.915435984,5,0
1531,0,1999,97-99,CN,SB,CH,CH-FL,No,No,NOMINOR,3,Y,1,1,0,0,A:A,Yes,No,0.808849138,1.126690442,4,0
1532,0,1999,97-99,CN,SB,CH,CH-FL,No,No,MINOR,11,Y,1,1,7,8,A:A,Yes,No,0.735317398,0.915435984,6,0
1533,1,1999,97-99,CN,SB,CH,CH-FL,No,No,MINOR,15.5,Y,1,1,11,13,A:A,Yes,No,0.882380878,1.056272289,2,0
1535,1,1999,97-99,CN,SB,FL,CH-FL,No,No,NOMINOR,1,Y,1,1,0,0,C:A,Yes,Yes,1.102976097,1.478781205,5,0
1536,0,1999,97-99,CN,SB,CH,CH-FL,No,No,MINOR,9,Y,1,1,3,4,C:A,Yes,Yes,0.735317398,0.704181526,2,0
1537,0,1999,97-99,CN,SB,CH,CH-FL,No,No,MINOR,0,N,1,1,0,0,A:A,Yes,No,0.367658699,1.267526747,6,1
1538,0,1999,97-99,CN,SB,OFL,OLDER,No,No,MINOR,8.5,Y,1,1,1,1,C:A,Yes,Yes,0.955912618,1.478781205,4,0
1539,1,1999,97-99,CN,SB,FL,CH-FL,No,No,MINOR,9,Y,1,1,1,1,C:A,Yes,Yes,1.250039577,1.478781205,4,0
1540,1,1999,97-99,CN,SB,FL,CH-FL,No,No,NOMINOR,4,Y,1,1,1,1,C:A,Yes,Yes,0.882380878,1.267526747,5,0
1541,0,1999,97-99,CN,SB,FL,CH-FL,No,No,MINOR,6.5,Y,1,1,1,1,A:A,Yes,No,1.029444358,1.478781205,5,0
1542,1,1999,97-99,CN,SB,FL,CH-FL,No,No,MINOR,13,Y,1,1,6,7,A:A,Yes,No,0.808849138,1.408363052,5,0
1543,1,1999,97-99,CN,SB,SA,OLDER,No,No,MINOR,10,Y,1,1,4,7,A:A,Yes,No,0.735317398,0.985854137,2,0
1544,0,1999,97-99,CN,SB,OFL,OLDER,No,No,MINOR,0.5,N,1,1,0,0,C:A,Yes,Yes,1.397103057,1.549199357,5,0
1545,1,1999,97-99,CN,SB,OFL,OLDER,No,No,NOMINOR,1,Y,1,1,0,0,A:A,Yes,No,0.808849138,1.126690442,4,0
1547,0,1999,97-99,CN,SB,FL,CH-FL,No,No,MINOR,0.5,N,1,1,0,0,C:A,Yes,Yes,1.250039577,1.267526747,6,0
1548,0,1999,97-99,CN,SB,FL,CH-FL,No,No,NOMINOR,1,Y,1,1,0,0,C:A,Yes,Yes,1.029444358,1.267526747,5,1
1549,1,1999,97-99,CN,SB,FL,CH-FL,No,No,NOMINOR,3,Y,1,1,0,0,C:A,Yes,Yes,1.176507837,0.915435984,2,0
1551,1,1999,97-99,CN,SB,OFL,OLDER,No,No,NOMINOR,4,Y,1,1,1,1,C:A,Yes,Yes,0.955912618,1.267526747,6,0
1552,0,1999,97-99,CN,SB,FL,CH-FL,No,No,NOMINOR,3,Y,1,1,2,2,C:A,Yes,Yes,1.397103057,1.408363052,2,0
1553,1,1999,97-99,CN,SB,FL,CH-FL,No,No,MINOR,10.5,Y,1,1,5,9,A:A,Yes,No,0.882380878,1.197108594,5,1
1554,1,1999,97-99,CN,SB,OFL,OLDER,No,No,MINOR,0.5,N,1,1,0,0,A:A,Yes,No,0.882380878,0.915435984,7,0
1555,0,1999,97-99,CN,SB,OFL,OLDER,No,No,NOMINOR,2,Y,1,1,0,0,A:A,Yes,No,0.955912618,0.985854137,2,0
1556,1,1999,97-99,CN,SB,FL,CH-FL,No,No,MINOR,0.5,N,1,1,0,0,C:A,Yes,Yes,1.323571317,1.408363052,2,0
1557,1,1999,97-99,CN,SB,FL,CH-FL,No,No,MINOR,4.5,Y,1,1,1,2,A:A,Yes,No,1.029444358,1.197108594,7,0
1558,0,1999,97-99,CN,SB,FL,CH-FL,No,No,MINOR,9.5,Y,1,1,1,1,C:A,Yes,Yes,1.029444358,0.845017831,3,1
1559,0,1999,97-99,CN,SB,FL,CH-FL,No,No,MINOR,10,Y,1,1,2,6,C:A,Yes,Yes,0.735317398,1.126690442,4,1
1560,0,1999,97-99,CN,SB,FL,CH-FL,No,No,NOMINOR,2,Y,1,1,0,0,C:A,Yes,Yes,0.955912618,0.845017831,5,0
1562,0,1999,97-99,CN,SB,FL,CH-FL,No,No,MINOR,0.5,N,1,1,0,0,C:A,Yes,Yes,0.808849138,1.126690442,5,0
1563,0,1999,97-99,CN,SB,SA,OLDER,No,No,MINOR,9.5,Y,1,1,2,2,A:A,Yes,No,0.955912618,0.774599679,5,0
1564,1,1999,97-99,CN,SB,FL,CH-FL,No,No,NOMINOR,2,Y,1,1,0,0,C:A,Yes,Yes,0.661785658,0.985854137,7,0
1565,1,1999,97-99,CN,SB,OFL,OLDER,No,No,MINOR,0.5,N,1,1,0,0,C:C,No,Yes,1.029444358,1.549199357,2,0
1566,1,1999,97-99,CN,SB,FL,CH-FL,No,No,MINOR,9,Y,1,1,4,5,C:C,No,Yes,0.514722179,0.774599679,5,0
1568,0,1999,97-99,CN,SB,FL,CH-FL,No,No,MINOR,0.5,N,1,1,0,0,C:A,Yes,Yes,1.029444358,0.774599679,6,1
1570,1,1999,97-99,CN,SB,FL,CH-FL,No,No,MINOR,5,Y,1,1,0,0,A:A,Yes,No,0.808849138,1.267526747,6,0
3445,1,2005,05-Oct,CN,SB,FL,CH-FL,No,No,MINOR,2.5,Y,1,1,0,0,C:A,Yes,Yes,1.102976097,1.126690442,4,0
3448,1,2005,05-Oct,CN,SB,FL,CH-FL,No,No,MINOR,0.5,N,1,1,0,0,A:A,Yes,No,1.029444358,0.845017831,6,0
3449,0,2005,05-Oct,CN,SB,FL,CH-FL,No,No,MINOR,4,Y,1,1,0,1,C:C,No,Yes,1.029444358,0.845017831,6,0
3450,0,2005,05-Oct,CN,SB,FL,CH-FL,No,No,MINOR,1.5,Y,1,1,0,0,A:A,Yes,No,0.808849138,1.197108594,2,0
3451,0,2005,05-Oct,CN,SB,FL,CH-FL,No,No,MINOR,11.5,Y,1,1,4,5,A:A,Yes,No,0.808849138,1.267526747,3,0
3455,0,2005,05-Oct,CN,SB,FL,CH-FL,No,No,MINOR,2,Y,1,1,0,0,C:A,Yes,Yes,0.955912618,1.126690442,6,0
3457,1,2005,05-Oct,CN,SB,FL,CH-FL,No,No,MINOR,3,Y,1,1,2,2,A:A,Yes,No,0.588253919,1.056272289,6,0
3458,1,2005,05-Oct,CN,WB,OFL,OLDER,No,No,MINOR,5.5,Y,1,1,2,3,A:A,Yes,No,1.102976097,na,5,1
3459,1,2005,05-Oct,CN,SB,FL,CH-FL,No,No,MINOR,0.5,N,1,1,0,0,A:A,Yes,No,1.176507837,0.633763373,4,1
3460,1,2005,05-Oct,CN,SB,FL,CH-FL,No,No,MINOR,2.5,Y,1,1,0,0,C:C,No,Yes,1.029444358,1.056272289,2,0
3461,0,2005,05-Oct,CN,SB,FL,CH-FL,No,No,MINOR,1.5,Y,1,1,0,0,C:A,Yes,Yes,1.397103057,0.985854137,5,0
3488,0,2005,05-Oct,CN,WB,OFL,OLDER,No,No,MINOR,1,Y,1,1,0,0,A:A,Yes,No,1.617698276,1.267526747,4,1
3489,1,2005,05-Oct,CN,WB,OFL,OLDER,No,No,MINOR,2,Y,1,1,2,2,C:A,Yes,Yes,1.029444358,1.267526747,6,0
3490,0,2005,05-Oct,CN,WB,OFL,OLDER,No,No,MINOR,12,Y,1,1,5,5,A:A,Yes,No,1.102976097,0.985854137,4,1
3491,0,2005,05-Oct,CN,SB,FL,CH-FL,No,No,MINOR,9,Y,1,1,3,4,C:A,Yes,Yes,0.808849138,1.126690442,6,0
3498,0,2005,05-Oct,CN,SB,FL,CH-FL,No,No,MINOR,1.5,Y,1,1,0,0,A:A,Yes,No,1.323571317,0.985854137,6,0
3499,0,2005,05-Oct,CN,SB,FL,CH-FL,No,No,MINOR,1,Y,1,1,0,0,C:A,Yes,Yes,0.661785658,1.197108594,2,0
3500,0,2005,05-Oct,CN,WB,OFL,OLDER,No,No,MINOR,4.5,Y,1,1,2,3,A:A,Yes,No,1.176507837,1.267526747,4,0
3501,0,2005,05-Oct,CN,WB,OFL,OLDER,No,No,MINOR,3.5,Y,1,1,0,0,A:A,Yes,No,1.176507837,0.704181526,6,0
3502,0,2005,05-Oct,CN,WB,OFL,OLDER,No,No,MINOR,1,Y,1,1,0,0,C:A,Yes,Yes,0.735317398,0.985854137,2,0
3503,0,2005,05-Oct,CN,SB,FL,CH-FL,No,No,MINOR,0.5,N,1,1,0,0,A:A,Yes,No,0.808849138,0.704181526,2,0
3504,1,2005,05-Oct,CN,SB,CH,CH-FL,No,No,MINOR,1,Y,1,1,0,0,C:A,Yes,Yes,0.882380878,1.197108594,6,0
3505,0,2005,05-Oct,CN,WB,OFL,OLDER,No,No,MINOR,4.5,Y,1,1,2,3,C:A,Yes,Yes,0.882380878,0.704181526,2,0
3506,0,2005,05-Oct,CN,WB,OFL,OLDER,No,No,MINOR,1,Y,1,1,0,0,A:A,Yes,No,1.470634797,0.704181526,4,1
3509,0,2005,05-Oct,CN,SB,FL,CH-FL,No,No,MINOR,0.5,N,1,1,0,0,A:A,Yes,No,0.882380878,0.985854137,4,0
3510,0,2005,05-Oct,CN,SB,OFL,OLDER,No,No,MINOR,0.5,N,1,1,0,0,C:C,No,Yes,1.250039577,0.915435984,2,0
3511,1,2005,05-Oct,CN,SB,OFL,OLDER,No,No,MINOR,0.5,N,1,1,0,0,A:A,Yes,No,1.102976097,0.915435984,6,0
3512,0,2005,05-Oct,CN,SB,CH,CH-FL,No,No,MINOR,0.5,N,1,1,0,0,A:A,Yes,No,0.735317398,0.915435984,4,0
3513,0,2005,05-Oct,CN,SB,OFL,OLDER,No,No,MINOR,1,Y,1,1,0,0,C:A,Yes,Yes,1.029444358,0.915435984,6,0
3515,1,2005,05-Oct,CN,SB,OFL,OLDER,No,No,MINOR,4.5,Y,1,1,0,1,A:A,Yes,No,1.176507837,1.408363052,5,0
3516,0,2005,05-Oct,CN,SB,OFL,OLDER,No,No,MINOR,5,Y,1,1,1,1,A:A,Yes,No,1.102976097,0.985854137,6,0
3517,0,2005,05-Oct,CN,SB,CH,CH-FL,No,No,MINOR,7,Y,1,1,5,6,C:A,Yes,Yes,0.808849138,0.985854137,6,0
3518,0,2005,05-Oct,CN,SB,CH,CH-FL,No,No,MINOR,8,Y,1,1,4,4,A:A,Yes,No,0.882380878,na,7,0
3519,1,2005,05-Oct,CN,SB,CH,CH-FL,No,No,MINOR,5,Y,1,1,3,3,C:C,No,Yes,1.102976097,na,2,1
3520,0,2005,05-Oct,CN,SB,OFL,OLDER,No,No,MINOR,1,Y,1,1,0,0,A:A,Yes,No,1.176507837,1.126690442,6,0
3521,1,2005,05-Oct,CN,SB,CH,CH-FL,No,No,MINOR,0.5,N,1,1,0,0,A:A,Yes,No,1.029444358,0.915435984,6,0
3564,1,2005,05-Oct,CN,SB,OFL,OLDER,No,No,MINOR,2,Y,1,1,0,0,C:C,No,Yes,1.029444358,1.056272289,5,0
3565,1,2005,05-Oct,CN,SB,CH,CH-FL,No,No,MINOR,0.5,N,1,1,0,0,A:A,Yes,No,1.176507837,1.056272289,2,0
3566,0,2005,05-Oct,CN,SB,CH,CH-FL,No,No,MINOR,1.5,Y,1,1,0,0,C:A,Yes,Yes,1.323571317,1.056272289,4,0
3568,0,2005,05-Oct,CN,SB,CH,CH-FL,No,No,MINOR,0.5,N,1,1,0,0,A:A,Yes,No,0.808849138,1.056272289,6,0
3569,0,2005,05-Oct,CN,SB,CH,CH-FL,No,No,MINOR,5,Y,1,1,2,2,C:A,Yes,Yes,0.955912618,na,6,0
3570,1,2005,05-Oct,CN,SB,CH,CH-FL,No,No,MINOR,2,Y,1,1,0,0,A:A,Yes,No,0.955912618,1.197108594,6,0
3571,0,2005,05-Oct,CN,SB,CH,CH-FL,No,No,MINOR,0.5,N,1,1,0,0,A:A,Yes,No,1.102976097,0.633763373,6,0
3572,1,2005,05-Oct,CN,SB,CH,CH-FL,No,No,MINOR,3,Y,1,1,0,0,C:A,Yes,Yes,0.808849138,1.197108594,5,0
3573,1,2005,05-Oct,CN,SB,CH,CH-FL,No,No,MINOR,1,Y,1,1,0,0,A:A,Yes,No,0.808849138,0.633763373,6,0
3574,0,2005,05-Oct,CN,SB,CH,CH-FL,No,No,MINOR,10.5,Y,1,1,3,4,A:A,Yes,No,0.955912618,0.985854137,4,0
3575,1,2005,05-Oct,CN,SB,CH,CH-FL,No,No,MINOR,1,Y,1,1,0,0,C:A,Yes,Yes,0.514722179,0.704181526,6,0
3576,1,2005,05-Oct,CN,SB,CH,CH-FL,No,No,MINOR,4.5,Y,1,1,0,0,A:A,Yes,No,0.955912618,1.197108594,6,0
3578,1,2005,05-Oct,CN,SB,CH,CH-FL,No,No,MINOR,3,Y,1,1,0,0,C:C,No,Yes,0.735317398,1.056272289,6,0
3580,0,2005,05-Oct,CN,SB,CH,CH-FL,No,No,MINOR,3,Y,1,1,0,0,C:A,Yes,Yes,1.176507837,0.563345221,2,0
3581,0,2005,05-Oct,CN,SB,CH,CH-FL,No,No,MINOR,1,Y,1,1,0,0,A:A,Yes,No,1.176507837,1.267526747,6,0
3590,0,2005,05-Oct,CN,SB,CH,CH-FL,No,No,MINOR,5,Y,1,1,1,1,C:A,Yes,Yes,0.735317398,1.056272289,6,0
3591,0,2005,05-Oct,CN,SB,CH,CH-FL,No,No,MINOR,0.5,N,1,1,0,0,A:A,Yes,No,0.661785658,0.774599679,2,0
3593,1,2005,05-Oct,CN,SB,CH,CH-FL,No,No,MINOR,0,N,1,1,0,0,C:C,No,Yes,0.661785658,1.267526747,3,0
3594,0,2005,05-Oct,CN,SB,CH,CH-FL,No,No,MINOR,10.5,Y,1,1,1,1,A:A,Yes,No,0.955912618,0.915435984,4,0
3597,0,2005,05-Oct,CN,SB,CH,CH-FL,No,No,MINOR,0.5,N,1,1,0,0,C:C,No,Yes,0.882380878,1.267526747,2,0
3598,0,2005,05-Oct,CN,SB,CH,CH-FL,No,No,MINOR,0.5,N,1,1,0,0,C:C,No,Yes,0.735317398,0.985854137,2,0
3599,1,2005,05-Oct,CN,SB,CH,CH-FL,No,No,MINOR,0.5,N,1,1,0,0,C:A,Yes,Yes,1.029444358,1.126690442,6,0
3600,1,2005,05-Oct,CN,SB,CH,CH-FL,No,No,MINOR,2.5,Y,1,1,0,0,C:A,Yes,Yes,0.735317398,0.915435984,4,1
3601,1,2005,05-Oct,CN,SB,CH,CH-FL,No,No,MINOR,0.5,N,1,1,0,0,A:A,Yes,No,1.029444358,1.056272289,6,0
3602,1,2005,05-Oct,CN,SB,CH,CH-FL,No,No,MINOR,0.5,N,1,1,0,0,C:C,No,Yes,0.955912618,1.056272289,4,0
3603,0,2005,05-Oct,CN,SB,CH,CH-FL,No,No,MINOR,1,Y,1,1,0,0,A:A,Yes,No,0.955912618,0.704181526,5,1
3604,0,2005,05-Oct,CN,SB,CH,CH-FL,No,No,MINOR,6.5,Y,1,1,0,2,C:C,No,Yes,1.397103057,1.056272289,2,0
3606,0,2005,05-Oct,CN,SB,CH,CH-FL,No,No,MINOR,8,Y,1,1,4,5,C:A,Yes,Yes,1.176507837,0.704181526,6,1
3608,0,2005,05-Oct,CN,SB,CH,CH-FL,No,No,MINOR,9,Y,1,1,3,5,C:A,Yes,Yes,1.029444358,0.915435984,2,0
3611,0,2005,05-Oct,CN,SB,CH,CH-FL,No,No,MINOR,0,N,1,1,0,0,A:A,Yes,No,0.955912618,0.985854137,6,0
3612,1,2005,05-Oct,CN,SB,CH,CH-FL,No,No,MINOR,4.5,Y,1,1,0,1,C:C,No,Yes,0.955912618,1.3379449,6,0
3613,0,2005,05-Oct,CN,SB,CH,CH-FL,No,No,MINOR,0,N,1,1,0,0,C:A,Yes,Yes,0.588253919,0.985854137,6,0
3614,1,2005,05-Oct,CN,SB,CH,CH-FL,No,No,MINOR,1,Y,1,1,0,0,A:A,Yes,No,0.588253919,0.985854137,6,0
3616,0,2005,05-Oct,CN,WB,CH,CH-FL,No,No,MINOR,5.5,Y,1,1,1,1,C:A,Yes,Yes,1.102976097,1.197108594,5,0
3617,1,2005,05-Oct,CN,SB,FL,CH-FL,No,No,MINOR,3.5,Y,1,1,0,1,C:A,Yes,Yes,1.029444358,1.056272289,5,0
3643,1,2005,05-Oct,CN,SB,FL,CH-FL,No,No,MINOR,11.5,Y,1,1,2,3,C:A,Yes,Yes,1.397103057,1.408363052,5,0
3644,1,2005,05-Oct,CN,SB,FL,CH-FL,No,No,MINOR,5,Y,1,1,0,0,C:A,Yes,Yes,1.029444358,0.704181526,5,0
3646,0,2005,05-Oct,CN,SB,FL,CH-FL,No,No,MINOR,2.5,Y,1,1,0,0,C:A,Yes,Yes,1.250039577,0.985854137,6,0
3647,1,2005,05-Oct,CN,SB,FL,CH-FL,No,No,MINOR,0.5,N,1,1,0,0,C:A,Yes,Yes,0.955912618,0.985854137,6,0
3648,0,2005,05-Oct,CN,SB,OFL,OLDER,No,No,MINOR,1,Y,1,1,0,0,A:A,Yes,No,0.808849138,1.267526747,4,0
3651,1,2005,05-Oct,CN,SB,FL,CH-FL,No,No,MINOR,2,Y,1,1,0,0,A:A,Yes,No,0.808849138,0.845017831,5,0
3652,0,2005,05-Oct,CN,SB,FL,CH-FL,No,No,MINOR,0.5,N,1,1,0,0,A:A,Yes,No,1.397103057,1.267526747,4,1
3653,0,2005,05-Oct,CN,SB,FL,CH-FL,No,No,MINOR,0.5,N,1,1,0,0,C:A,Yes,Yes,1.250039577,0.774599679,3,1
3689,1,2005,05-Oct,CN,SB,FL,CH-FL,No,No,MINOR,0.5,N,1,1,0,0,C:A,Yes,Yes,1.102976097,1.126690442,4,0
3692,0,2005,05-Oct,CN,SB,OFL,OLDER,No,No,MINOR,1,Y,1,1,0,0,A:A,Yes,No,0.955912618,0.845017831,6,0
3695,0,2005,05-Oct,CN,SB,FL,CH-FL,No,No,MINOR,4,Y,1,1,1,1,A:A,Yes,No,0.882380878,0.704181526,2,0
3699,0,2005,05-Oct,CN,SB,FL,CH-FL,No,No,MINOR,11.5,Y,1,1,1,2,A:A,Yes,No,1.029444358,1.267526747,5,1
3700,0,2005,05-Oct,CN,SB,SA,OLDER,No,No,MINOR,4.5,Y,1,1,0,0,C:A,Yes,Yes,0.931723022,0.845017831,2,1
4802,1,2005,05-Oct,CN,WB,FL,CH-FL,No,No,MINOR,1,Y,1,1,0,0,A:A,Yes,No,1.323571317,0.774599679,4,1
4829,1,2006,05-Oct,CN,SB,FL,CH-FL,No,No,MINOR,3.5,Y,1,1,2,2,A:A,Yes,No,1.029444358,1.056272289,6,0
4854,1,2006,05-Oct,CN,SB,FL,CH-FL,No,No,MINOR,6.5,Y,1,1,0,1,A:A,Yes,No,1.029444358,0.915435984,3,0
4855,0,2006,05-Oct,CN,SB,FL,CH-FL,No,No,MINOR,0.5,N,1,1,0,0,C:A,Yes,Yes,1.176507837,1.126690442,4,0
4862,0,2005,05-Oct,CN,WB,SA,OLDER,No,No,MINOR,2.5,Y,1,1,0,0,A:A,Yes,No,0.588253919,1.056272289,6,0
4863,0,2006,05-Oct,CN,SB,FL,CH-FL,No,No,MINOR,4,Y,1,1,1,2,A:A,Yes,No,1.250039577,0.985854137,4,1
4866,1,2005,05-Oct,CN,WB,SA,OLDER,No,No,MINOR,8,Y,1,1,2,3,A:A,Yes,No,0.735317398,0.774599679,3,0
4867,0,2006,05-Oct,CN,SB,FL,CH-FL,No,No,MINOR,0.5,N,1,1,0,0,C:A,Yes,Yes,1.102976097,0.845017831,5,1
4868,0,2006,05-Oct,CN,SB,FL,CH-FL,No,No,MINOR,4,Y,1,1,2,2,A:A,Yes,No,1.250039577,0.704181526,6,0
4870,0,2006,05-Oct,CN,WB,OFL,OLDER,No,No,MINOR,2,Y,1,1,0,0,C:A,Yes,Yes,0.882380878,0.704181526,6,0
4871,0,2006,05-Oct,CN,SB,FL,CH-FL,No,No,MINOR,4,Y,1,1,0,0,A:A,Yes,No,1.102976097,0.985854137,5,0
4873,1,2005,05-Oct,CN,WB,SA,OLDER,No,No,MINOR,3,Y,1,1,1,1,C:A,Yes,Yes,1.029444358,0.563345221,4,0
4874,0,2006,05-Oct,CN,SB,OFL,OLDER,No,No,MINOR,1,Y,1,1,0,0,A:A,Yes,No,0.955912618,1.197108594,3,0
4876,0,2006,05-Oct,CN,SB,FL,CH-FL,No,No,MINOR,1.5,Y,1,1,0,0,A:A,Yes,No,1.102976097,0.915435984,2,0
4878,0,2006,05-Oct,CN,SB,FL,CH-FL,No,No,MINOR,2,Y,1,1,1,1,A:A,Yes,No,1.029444358,na,6,0
4879,1,2006,05-Oct,CN,SB,CH,CH-FL,No,No,MINOR,1.5,Y,1,1,0,0,C:C,No,Yes,0.955912618,0.704181526,6,1
4880,0,2006,05-Oct,CN,SB,CH,CH-FL,No,No,MINOR,0.5,N,1,1,0,0,A:A,Yes,No,0.955912618,0.915435984,4,0
4881,1,2005,05-Oct,CN,WB,SA,OLDER,No,No,MINOR,4,Y,1,1,0,0,C:A,Yes,Yes,0.735317398,0.774599679,4,1
4882,0,2006,05-Oct,CN,SB,CH,CH-FL,No,No,MINOR,1.5,Y,1,1,0,0,A:A,Yes,No,1.029444358,0.704181526,4,0
4883,0,2006,05-Oct,CN,SB,CH,CH-FL,No,No,MINOR,7,Y,1,1,0,1,C:A,Yes,Yes,1.102976097,1.126690442,4,1
4884,1,2006,05-Oct,CN,SB,CH,CH-FL,No,No,MINOR,1,Y,1,1,0,0,A:A,Yes,No,1.250039577,1.126690442,4,1
4886,1,2006,05-Oct,CN,SB,FL,CH-FL,No,No,MINOR,1,Y,1,1,0,0,C:A,Yes,Yes,1.029444358,1.056272289,2,0
4887,1,2006,05-Oct,CN,SB,CH,CH-FL,No,No,MINOR,4,Y,1,1,1,1,C:A,Yes,Yes,1.102976097,na,5,0
4888,1,2006,05-Oct,CN,SB,CH,CH-FL,No,No,MINOR,5,Y,1,1,3,3,C:C,No,Yes,0.882380878,0.985854137,2,0
4889,1,2006,05-Oct,CN,SB,CH,CH-FL,No,No,MINOR,0.5,N,1,1,0,0,A:A,Yes,No,1.102976097,0.915435984,4,0
4890,1,2006,05-Oct,CN,SB,CH,CH-FL,No,No,MINOR,8.5,Y,1,1,4,5,C:C,No,Yes,1.029444358,0.563345221,2,0
4891,0,2006,05-Oct,CN,SB,CH,CH-FL,No,No,MINOR,0,N,1,1,0,0,C:C,No,Yes,0.588253919,0.704181526,6,0
4892,1,2006,05-Oct,CN,SB,CH,CH-FL,No,No,MINOR,7,Y,1,1,1,1,A:A,Yes,No,0.661785658,0.845017831,6,0
4893,0,2006,05-Oct,CN,SB,CH,CH-FL,No,No,MINOR,0.5,N,1,1,0,0,A:A,Yes,No,1.470634797,1.126690442,2,0
4894,1,2006,05-Oct,CN,SB,CH,CH-FL,No,No,MINOR,2,Y,1,1,0,0,C:A,Yes,Yes,0.955912618,1.126690442,5,0
4895,1,2006,05-Oct,CN,SB,CH,CH-FL,No,No,MINOR,0.5,N,1,1,0,0,A:A,Yes,No,0.808849138,0.985854137,4,0
4896,0,2006,05-Oct,CN,SB,CH,CH-FL,No,No,MINOR,9,Y,1,1,6,9,C:A,Yes,Yes,1.029444358,1.197108594,6,0
4897,1,2006,05-Oct,CN,SB,CH,CH-FL,No,No,MINOR,3.5,Y,1,1,0,1,A:A,Yes,No,1.323571317,0.704181526,6,0
4898,0,2006,05-Oct,CN,SB,CH,CH-FL,No,No,MINOR,1.5,Y,1,1,0,0,C:C,No,Yes,0.735317398,1.267526747,6,0
4899,0,2006,05-Oct,CN,SB,CH,CH-FL,No,No,MINOR,0.5,N,1,1,0,0,A:A,Yes,No,0.514722179,1.056272289,4,0
4900,1,2006,05-Oct,CN,SB,CH,CH-FL,No,No,MINOR,0,N,1,1,0,0,C:C,No,Yes,1.029444358,0.915435984,5,0
4901,0,2006,05-Oct,CN,SB,FL,CH-FL,No,No,MINOR,0.5,N,1,1,0,0,A:A,Yes,No,0.735317398,1.267526747,6,0
4903,1,2006,05-Oct,CN,SB,CH,CH-FL,No,No,MINOR,1,Y,1,1,0,0,C:A,Yes,Yes,1.102976097,1.197108594,2,0
4904,0,2006,05-Oct,CN,SB,CH,CH-FL,No,No,MINOR,8.5,Y,1,1,2,2,C:A,Yes,Yes,1.029444358,0.563345221,2,0
4905,0,2006,05-Oct,CN,SB,CH,CH-FL,No,No,MINOR,0.5,N,1,1,0,0,A:A,Yes,No,1.029444358,1.056272289,5,0
4906,1,2006,05-Oct,CN,SB,CH,CH-FL,No,No,MINOR,0,N,1,1,0,0,C:C,No,Yes,0.882380878,na,5,0
4907,0,2006,05-Oct,CN,SB,CH,CH-FL,No,No,MINOR,1.5,Y,1,1,0,0,C:A,Yes,Yes,0.661785658,0.774599679,2,0
4908,0,2006,05-Oct,CN,SB,CH,CH-FL,No,No,MINOR,1,Y,1,1,0,0,C:A,Yes,Yes,0.955912618,1.267526747,2,0
4910,0,2006,05-Oct,CN,SB,CH,CH-FL,No,No,MINOR,3,Y,1,1,0,0,A:A,Yes,No,0.955912618,0.774599679,5,0
4911,1,2006,05-Oct,CN,SB,CH,CH-FL,No,No,MINOR,0,N,1,1,0,0,C:A,Yes,Yes,0.588253919,0.774599679,6,0
4912,0,2006,05-Oct,CN,SB,CH,CH-FL,No,No,MINOR,2,Y,1,1,0,0,C:A,Yes,Yes,0.808849138,1.056272289,6,0
4913,1,2006,05-Oct,CN,SB,CH,CH-FL,No,No,MINOR,0,N,1,1,0,0,C:C,No,Yes,0.882380878,1.197108594,6,0
4914,1,2006,05-Oct,CN,SB,CH,CH-FL,No,No,MINOR,0,N,1,1,0,0,C:A,Yes,Yes,0.808849138,0.704181526,5,0
4915,1,2006,05-Oct,CN,SB,CH,CH-FL,No,No,MINOR,1,Y,1,1,0,0,C:A,Yes,Yes,0.882380878,1.056272289,4,0
4916,0,2006,05-Oct,CN,SB,CH,CH-FL,No,No,MINOR,0,N,1,1,0,0,C:A,Yes,Yes,0.661785658,0.704181526,2,0
4917,0,2006,05-Oct,CN,SB,CH,CH-FL,No,No,MINOR,10.5,Y,1,1,1,2,A:A,Yes,No,1.029444358,0.774599679,2,0
4918,1,2006,05-Oct,CN,SB,CH,CH-FL,No,No,MINOR,1.5,Y,1,1,1,1,C:C,No,Yes,1.250039577,na,2,0
4933,1,2006,05-Oct,CN,SB,CH,CH-FL,No,No,MINOR,8.5,Y,1,1,3,3,C:A,Yes,Yes,1.029444358,1.126690442,6,0
4934,1,2006,05-Oct,CN,SB,CH,CH-FL,No,No,MINOR,6,Y,1,1,1,1,C:A,Yes,Yes,1.102976097,1.126690442,6,0
4935,0,2006,05-Oct,CN,SB,CH,CH-FL,No,No,MINOR,4,Y,1,1,1,1,A:A,Yes,No,0.808849138,0.845017831,5,0
4936,0,2006,05-Oct,CN,SB,CH,CH-FL,No,No,MINOR,5,Y,1,1,1,2,A:A,Yes,No,1.102976097,1.056272289,6,0
4937,1,2006,05-Oct,CN,SB,CH,CH-FL,No,No,MINOR,1.5,Y,1,1,0,0,C:A,Yes,Yes,0.882380878,1.056272289,5,0
4938,0,2006,05-Oct,CN,SB,FL,CH-FL,No,No,MINOR,2.5,Y,1,1,0,0,A:A,Yes,No,1.397103057,0.845017831,7,0
4939,1,2006,05-Oct,CN,SB,SA,OLDER,No,No,MINOR,4,Y,1,1,1,1,A:A,Yes,No,0.588253919,0.774599679,2,0
4940,1,2006,05-Oct,CN,SB,FL,CH-FL,No,No,MINOR,2,Y,1,1,0,0,C:C,No,Yes,0.882380878,0.985854137,6,0
4941,0,2006,05-Oct,CN,SB,FL,CH-FL,No,No,MINOR,8,Y,1,1,0,1,C:C,No,Yes,1.029444358,0.915435984,2,0
4943,1,2006,05-Oct,CN,SB,FL,CH-FL,No,No,MINOR,0.5,N,1,1,0,0,C:A,Yes,Yes,1.250039577,1.126690442,6,0
4944,1,2006,05-Oct,CN,SB,FL,CH-FL,No,No,MINOR,2.5,Y,1,1,0,0,A:A,Yes,No,0.735317398,0.985854137,4,0
4945,1,2006,05-Oct,CN,SB,FL,CH-FL,No,No,MINOR,0.5,N,1,1,0,0,C:A,Yes,Yes,0.735317398,0.774599679,3,1
4946,1,2006,05-Oct,CN,SB,FL,CH-FL,No,No,MINOR,1.5,Y,1,1,0,0,C:A,Yes,Yes,0.808849138,na,2,0
4948,1,2006,05-Oct,CN,SB,FL,CH-FL,No,No,MINOR,7.5,Y,1,1,0,0,A:A,Yes,No,1.029444358,0.704181526,2,0
4949,0,2006,05-Oct,CN,SB,SA,OLDER,No,No,MINOR,2,Y,1,1,0,0,C:A,Yes,Yes,0.955912618,1.056272289,6,0
4951,1,2006,05-Oct,CN,SB,FL,CH-FL,No,No,MINOR,0.5,N,1,1,0,0,C:A,Yes,Yes,0.882380878,0.985854137,6,0
4952,0,2006,05-Oct,CN,SB,FL,CH-FL,No,No,MINOR,2,Y,1,1,0,0,A:A,Yes,No,0.808849138,0.704181526,6,0
4953,1,2006,05-Oct,CN,SB,FL,CH-FL,No,No,MINOR,3.5,Y,1,1,0,0,C:A,Yes,Yes,0.661785658,0.845017831,4,1
4954,1,2006,05-Oct,CN,SB,SA,OLDER,No,No,MINOR,9.5,Y,1,1,0,0,A:A,Yes,No,1.102976097,0.845017831,2,0
4955,1,2006,05-Oct,CN,SB,FL,CH-FL,No,No,MINOR,0.5,N,1,1,0,0,C:A,Yes,Yes,0.882380878,0.845017831,6,0
4956,0,2006,05-Oct,CN,SB,SA,OLDER,No,No,MINOR,5,Y,1,1,0,0,C:C,No,Yes,0.808849138,1.056272289,7,0
4957,1,2006,05-Oct,CN,SB,FL,CH-FL,No,No,MINOR,8.5,Y,1,1,4,4,A:A,Yes,No,0.808849138,1.126690442,4,0
4959,1,2006,05-Oct,CN,SB,SA,OLDER,No,No,MINOR,2.5,Y,1,1,0,0,A:A,Yes,No,0.955912618,1.267526747,5,0
4960,0,2006,05-Oct,CN,SB,FL,CH-FL,No,No,MINOR,4,Y,1,1,1,1,A:A,Yes,No,0.955912618,1.267526747,5,1
4961,0,2006,05-Oct,CN,SB,FL,CH-FL,No,No,MINOR,4,Y,1,1,0,1,C:A,Yes,Yes,1.250039577,0.704181526,5,1
4962,1,2006,05-Oct,CN,SB,FL,CH-FL,No,No,MINOR,0.5,N,1,1,0,0,C:A,Yes,Yes,0.882380878,0.915435984,4,1
4963,1,2006,05-Oct,CN,SB,FL,CH-FL,No,No,MINOR,0.5,N,1,1,0,0,A:A,Yes,No,1.176507837,1.267526747,6,0
4964,0,2006,05-Oct,CN,SB,FL,CH-FL,No,No,MINOR,4,Y,1,1,2,3,A:A,Yes,No,1.102976097,1.197108594,2,0
4966,1,2006,05-Oct,CN,SB,FL,CH-FL,No,No,MINOR,0.5,N,1,1,0,0,C:A,Yes,Yes,0.955912618,0.704181526,6,0
4968,0,2006,05-Oct,CN,WB,FL,CH-FL,No,No,MINOR,1,Y,1,1,0,0,A:A,Yes,No,1.250039577,1.267526747,6,0
4969,0,2006,05-Oct,CN,WB,FL,CH-FL,No,No,MINOR,3,Y,1,1,0,0,A:A,Yes,No,0.808849138,1.197108594,5,1
4970,0,2006,05-Oct,CN,WB,FL,CH-FL,No,No,MINOR,4,Y,1,1,0,0,A:A,Yes,No,0.661785658,0.985854137,2,0
4972,1,2006,05-Oct,CN,SB,FL,CH-FL,No,No,MINOR,8,Y,1,1,1,1,C:A,Yes,Yes,1.250039577,0.774599679,2,0
4973,0,2006,05-Oct,CN,WB,FL,CH-FL,No,No,MINOR,9.5,Y,1,1,3,4,A:A,Yes,No,0.882380878,1.267526747,3,1
4974,0,2006,05-Oct,CN,WB,FL,CH-FL,No,No,MINOR,1,Y,1,1,0,0,A:A,Yes,No,1.176507837,1.267526747,5,1
4999,0,2007,05-Oct,CN,WB,OFL,OLDER,No,No,MINOR,8,Y,1,1,1,2,A:A,Yes,No,0.661785658,0.985854137,3,1
5000,1,2006,05-Oct,CN,SB,SA,OLDER,No,No,MINOR,8.5,Y,1,1,4,4,A:A,Yes,No,0.882380878,0.774599679,4,0
5008,1,2007,05-Oct,CN,WB,FL,CH-FL,No,No,MINOR,2,Y,1,1,0,0,C:C,No,Yes,0.808849138,0.774599679,5,0
5071,1,2007,05-Oct,CN,SB,FL,CH-FL,No,No,MINOR,3,Y,1,1,0,0,A:A,Yes,No,0.661785658,0.774599679,6,0
5072,1,2007,05-Oct,CN,SB,FL,CH-FL,No,No,MINOR,7.5,Y,1,1,5,6,A:A,Yes,No,1.102976097,0.985854137,7,0
5073,0,2006,05-Oct,CN,WB,SA,OLDER,No,No,MINOR,3,Y,1,1,0,0,A:A,Yes,No,0.735317398,1.408363052,4,0
5074,0,2007,05-Oct,CN,SB,FL,CH-FL,No,No,MINOR,1,Y,1,1,0,0,C:C,No,Yes,0.882380878,0.633763373,5,0
5076,1,2007,05-Oct,CN,SB,FL,CH-FL,No,No,MINOR,3,Y,1,1,0,0,A:A,Yes,No,0.808849138,1.126690442,4,1
5078,1,2006,05-Oct,CN,WB,SA,OLDER,No,No,MINOR,2.5,Y,1,1,0,0,C:C,No,Yes,1.102976097,0.845017831,7,0
5080,0,2007,05-Oct,CN,SB,FL,CH-FL,No,No,MINOR,2.5,Y,1,1,0,0,A:A,Yes,No,1.029444358,1.056272289,5,0
5099,1,2006,05-Oct,CN,WB,SA,OLDER,No,No,MINOR,3.5,Y,1,1,0,0,A:A,Yes,No,0.882380878,0.985854137,5,1
5117,0,2007,05-Oct,CN,SB,CH,CH-FL,No,No,MINOR,1.5,Y,1,1,0,0,C:A,Yes,Yes,0.955912618,0.774599679,4,0
5118,1,2006,05-Oct,CN,WB,SA,OLDER,No,No,MINOR,9.5,Y,1,1,2,3,A:A,Yes,No,1.029444358,1.056272289,2,0
5119,0,2007,05-Oct,CN,SB,CH,CH-FL,No,No,MINOR,4,Y,1,1,1,1,C:C,No,Yes,0.588253919,0.704181526,4,0
5120,0,2007,05-Oct,CN,SB,CH,CH-FL,No,No,MINOR,0.5,N,1,1,0,0,C:A,Yes,Yes,1.029444358,0.915435984,6,0
5121,1,2007,05-Oct,CN,SB,CH,CH-FL,No,No,MINOR,3,Y,1,1,1,1,C:C,No,Yes,0.882380878,0.845017831,4,0
5122,0,2007,05-Oct,CN,SB,CH,CH-FL,No,No,MINOR,0.5,N,1,1,0,0,A:A,Yes,No,0.882380878,1.3379449,4,1
5123,0,2007,05-Oct,CN,SB,FL,CH-FL,No,No,MINOR,5,Y,1,1,2,3,A:A,Yes,No,0.955912618,0.915435984,5,0
5125,0,2007,05-Oct,CN,SB,CH,CH-FL,No,No,MINOR,6.5,Y,1,1,1,1,A:A,Yes,No,1.323571317,0.985854137,4,0
5126,1,2007,05-Oct,CN,SB,CH,CH-FL,No,No,MINOR,0,N,1,1,0,0,C:A,Yes,Yes,1.250039577,0.985854137,6,0
5127,0,2007,05-Oct,CN,SB,CH,CH-FL,No,No,MINOR,1,Y,1,1,0,0,A:A,Yes,No,1.102976097,0.774599679,6,0
5129,1,2007,05-Oct,CN,SB,CH,CH-FL,No,No,MINOR,0,N,1,1,0,0,C:C,No,Yes,1.176507837,0.845017831,6,0
5130,0,2007,05-Oct,CN,SB,CH,CH-FL,No,No,MINOR,0,N,1,1,0,0,A:A,Yes,No,1.029444358,0.985854137,4,1
5132,0,2006,05-Oct,CN,WB,SA,OLDER,No,No,MINOR,10.5,Y,1,1,4,4,A:A,Yes,No,0.882380878,0.845017831,6,0
5133,1,2006,05-Oct,CN,WB,SA,OLDER,No,No,MINOR,3,Y,1,1,0,0,C:C,No,Yes,0.735317398,na,4,0
5134,0,2007,05-Oct,CN,SB,CH,CH-FL,No,No,MINOR,1,Y,1,1,0,0,A:A,Yes,No,1.617698276,1.126690442,4,0
5135,0,2007,05-Oct,CN,SB,CH,CH-FL,No,No,MINOR,0,N,1,1,0,0,A:A,Yes,No,1.029444358,1.056272289,6,0
5136,0,2007,05-Oct,CN,SB,CH,CH-FL,No,No,MINOR,0,N,1,1,0,0,A:A,Yes,No,0.588253919,1.056272289,2,0
5137,0,2007,05-Oct,CN,SB,CH,CH-FL,No,No,MINOR,1,Y,1,1,0,0,C:C,No,Yes,0.955912618,0.563345221,6,0
5138,0,2007,05-Oct,CN,SB,CH,CH-FL,No,No,MINOR,0,N,1,1,0,0,A:A,Yes,No,0.955912618,0.774599679,2,0
5139,0,2007,05-Oct,CN,SB,CH,CH-FL,No,No,MINOR,0.5,N,1,1,0,0,C:A,Yes,Yes,1.102976097,1.408363052,4,0
5140,0,2007,05-Oct,CN,SB,CH,CH-FL,No,No,MINOR,2,Y,1,1,0,0,C:A,Yes,Yes,1.544166536,0.563345221,2,0
5141,0,2007,05-Oct,CN,SB,CH,CH-FL,No,No,MINOR,1.5,Y,1,1,0,0,A:A,Yes,No,0.735317398,0.985854137,4,1
5142,0,2007,05-Oct,CN,SB,CH,CH-FL,No,No,MINOR,0,N,1,1,0,0,C:C,No,Yes,0.955912618,0.985854137,6,0
5145,0,2007,05-Oct,CN,SB,CH,CH-FL,No,No,MINOR,3,Y,1,1,0,0,C:A,Yes,Yes,1.102976097,1.197108594,4,0
5146,1,2007,05-Oct,CN,SB,CH,CH-FL,No,No,MINOR,0.5,N,1,1,0,0,C:A,Yes,Yes,1.250039577,0.985854137,2,0
5147,0,2007,05-Oct,CN,SB,CH,CH-FL,No,No,MINOR,3,Y,1,1,0,1,A:A,Yes,No,1.176507837,0.985854137,6,0
5148,1,2007,05-Oct,CN,SB,CH,CH-FL,No,No,MINOR,0,N,1,1,0,0,A:A,Yes,No,1.176507837,1.197108594,5,0
5149,1,2007,05-Oct,CN,SB,CH,CH-FL,No,No,MINOR,0.5,N,1,1,0,0,A:A,Yes,No,1.176507837,0.985854137,6,0
5150,0,2007,05-Oct,CN,SB,CH,CH-FL,No,No,MINOR,0,N,1,1,0,0,C:A,Yes,Yes,1.470634797,1.056272289,6,0
5151,1,2007,05-Oct,CN,SB,CH,CH-FL,No,No,MINOR,0,N,1,1,0,0,C:A,Yes,Yes,0.882380878,0.985854137,6,0
5152,0,2007,05-Oct,CN,SB,CH,CH-FL,No,No,MINOR,0,N,1,1,0,0,C:A,Yes,Yes,0.882380878,0.985854137,5,0
5153,1,2007,05-Oct,CN,SB,CH,CH-FL,No,No,MINOR,0,N,1,1,0,0,A:A,Yes,No,0.661785658,na,6,0
5156,0,2007,05-Oct,CN,SB,CH,CH-FL,No,No,MINOR,0,N,1,1,0,0,C:C,No,Yes,1.029444358,0.985854137,4,0
5159,1,2007,05-Oct,CN,SB,FL,CH-FL,No,No,MINOR,2,Y,1,1,0,1,A:A,Yes,No,1.102976097,1.197108594,6,0
5160,0,2007,05-Oct,CN,SB,FL,CH-FL,No,No,MINOR,5,Y,1,1,0,0,A:A,Yes,No,1.029444358,0.985854137,6,0
5161,1,2007,05-Oct,CN,SB,FL,CH-FL,No,No,MINOR,1.5,Y,1,1,0,0,A:A,Yes,No,0.955912618,0.985854137,2,0
5163,0,2007,05-Oct,CN,SB,SA,OLDER,No,No,MINOR,5.5,Y,1,1,3,4,A:A,Yes,No,0.588253919,0.704181526,2,0
5164,0,2007,05-Oct,CN,SB,FL,CH-FL,No,No,MINOR,5,Y,1,1,2,3,C:C,No,Yes,0.955912618,0.985854137,6,0
5165,1,2007,05-Oct,CN,SB,FL,CH-FL,No,No,MINOR,2,Y,1,1,0,0,A:A,Yes,No,0.808849138,1.267526747,6,0
5166,0,2007,05-Oct,CN,SB,SA,OLDER,No,No,MINOR,1,Y,1,1,0,0,C:A,Yes,Yes,1.102976097,1.197108594,3,1
5168,0,2007,05-Oct,CN,SB,FL,CH-FL,No,No,MINOR,3,Y,1,1,1,2,A:A,Yes,No,0.588253919,1.197108594,5,1
5170,1,2007,05-Oct,CN,SB,FL,CH-FL,No,No,MINOR,5.5,Y,1,1,1,1,C:A,Yes,Yes,1.029444358,0.915435984,6,0
5171,0,2007,05-Oct,CN,SB,FL,CH-FL,No,No,MINOR,1,Y,1,1,0,0,A:A,Yes,No,0.735317398,0.845017831,5,0
5172,1,2007,05-Oct,CN,SB,SA,OLDER,No,No,MINOR,2.5,Y,1,1,0,0,A:A,Yes,No,0.661785658,0.422508916,2,0
5173,0,2007,05-Oct,CN,SB,SA,OLDER,No,No,MINOR,9.5,Y,1,1,1,4,C:A,Yes,Yes,0.882380878,1.126690442,6,0
5174,0,2007,05-Oct,CN,SB,SA,OLDER,No,No,MINOR,8.5,Y,1,1,0,0,C:A,Yes,Yes,0.735317398,na,4,0
5175,0,2008,05-Oct,CN,WB,CH,CH-FL,No,No,MINOR,0,N,1,1,0,0,C:C,No,Yes,0.661785658,1.197108594,2,0
5194,0,2007,05-Oct,CN,WB,SA,OLDER,No,No,MINOR,3.5,Y,1,1,0,0,A:A,Yes,No,0.955912618,0.985854137,7,0
5195,0,2008,05-Oct,CN,WB,OFL,OLDER,No,No,MINOR,7,Y,1,1,0,2,A:A,Yes,No,1.029444358,0.915435984,5,1
5196,0,2008,05-Oct,CN,SB,FL,CH-FL,No,No,MINOR,0.5,N,1,1,0,0,C:A,Yes,Yes,1.323571317,1.126690442,6,0
5197,1,2008,05-Oct,CN,SB,FL,CH-FL,No,No,MINOR,2,Y,1,1,1,1,A:A,Yes,No,1.323571317,1.126690442,4,0
5198,0,2008,05-Oct,CN,SB,FL,CH-FL,No,No,MINOR,0.5,N,1,1,0,0,C:A,Yes,Yes,0.588253919,0.915435984,2,0
5199,1,2008,05-Oct,CN,WB,OFL,OLDER,No,No,MINOR,2.5,Y,1,1,0,0,A:A,Yes,No,1.250039577,1.197108594,6,0
5204,1,2008,05-Oct,CN,SB,FL,CH-FL,No,No,MINOR,2,Y,1,1,1,1,A:A,Yes,No,1.176507837,0.915435984,5,0
5205,0,2008,05-Oct,CN,SB,CH,CH-FL,No,No,MINOR,0,N,1,1,0,0,C:A,Yes,Yes,1.176507837,1.408363052,2,0
5209,1,2008,05-Oct,CN,SB,FL,CH-FL,No,No,MINOR,0,N,1,1,0,0,C:C,No,Yes,0.882380878,1.126690442,5,0
5210,1,2008,05-Oct,CN,SB,FL,CH-FL,No,No,MINOR,0,N,1,1,0,0,C:C,No,Yes,1.176507837,0.985854137,5,0
5212,0,2008,05-Oct,CN,SB,FL,CH-FL,No,No,MINOR,9,Y,1,1,5,6,C:A,Yes,Yes,0.735317398,0.985854137,6,0
5215,1,2007,05-Oct,CN,WB,SA,OLDER,No,No,MINOR,2,Y,1,1,0,0,C:A,Yes,Yes,0.661785658,0.774599679,3,1
5216,0,2007,05-Oct,CN,WB,SA,OLDER,No,No,MINOR,6.5,Y,1,1,0,0,A:A,Yes,No,0.588253919,0.915435984,6,0
5217,0,2008,05-Oct,CN,SB,FL,CH-FL,No,No,MINOR,6.5,Y,1,1,4,4,A:A,Yes,No,0.882380878,1.267526747,5,0
5224,0,2008,05-Oct,CN,SB,FL,CH-FL,No,No,MINOR,5,Y,1,1,1,1,A:A,Yes,No,1.323571317,1.056272289,2,0
5225,1,2008,05-Oct,CN,SB,FL,CH-FL,No,No,MINOR,0,N,1,1,0,0,C:A,Yes,Yes,0.514722179,0.985854137,2,0
5226,1,2008,05-Oct,CN,SB,CH,CH-FL,No,No,MINOR,6.5,Y,1,1,0,0,A:A,Yes,No,0.735317398,0.985854137,3,0
5235,1,2008,05-Oct,CN,SB,FL,CH-FL,No,No,MINOR,8.5,Y,1,1,2,2,C:A,Yes,Yes,0.882380878,1.126690442,7,0
5236,1,2008,05-Oct,CN,SB,FL,CH-FL,No,No,MINOR,1,Y,1,1,0,0,C:A,Yes,Yes,1.617698276,0.985854137,7,0
5237,1,2008,05-Oct,CN,SB,FL,CH-FL,No,No,MINOR,4,Y,1,1,1,1,C:A,Yes,Yes,0.808849138,1.056272289,4,0
5241,0,2008,05-Oct,CN,SB,CH,CH-FL,No,No,MINOR,0,N,1,1,0,0,C:C,No,Yes,1.176507837,0.845017831,6,0
5242,0,2008,05-Oct,CN,SB,CH,CH-FL,No,No,MINOR,4,Y,1,1,1,1,C:C,No,Yes,0.955912618,0.845017831,6,0
5247,0,2008,05-Oct,CN,SB,FL,CH-FL,No,No,MINOR,0.5,N,1,1,0,0,C:A,Yes,Yes,1.176507837,1.056272289,3,1
5248,1,2007,05-Oct,CN,WB,SA,OLDER,No,No,MINOR,2,Y,1,1,0,0,A:A,Yes,No,1.323571317,0.845017831,2,0
5249,1,2007,05-Oct,CN,WB,SA,OLDER,No,No,MINOR,8,Y,1,1,6,7,A:A,Yes,No,0.955912618,1.056272289,2,0
5254,1,2008,05-Oct,CN,SB,FL,CH-FL,No,No,MINOR,4.5,Y,1,1,0,1,C:A,Yes,Yes,1.029444358,0.845017831,5,1
5256,0,2007,05-Oct,CN,WB,SA,OLDER,No,No,MINOR,2.5,Y,1,1,0,0,C:C,No,Yes,0.808849138,0.915435984,4,0
5260,1,2008,05-Oct,CN,SB,OFL,OLDER,No,No,MINOR,0.5,N,1,1,0,0,A:A,Yes,No,0.955912618,0.774599679,6,0
5261,1,2008,05-Oct,CN,SB,FL,CH-FL,No,No,MINOR,0.5,N,1,1,0,0,A:A,Yes,No,0.955912618,1.056272289,6,1
5262,1,2008,05-Oct,CN,SB,OFL,OLDER,No,No,MINOR,2,Y,1,1,0,0,A:A,Yes,No,1.397103057,1.056272289,6,0
5263,0,2008,05-Oct,CN,SB,OFL,OLDER,No,No,MINOR,0,N,1,1,1,1,C:A,Yes,Yes,0.955912618,0.704181526,5,0
5265,0,2008,05-Oct,CN,SB,FL,CH-FL,No,No,MINOR,1.5,Y,1,1,0,0,C:A,Yes,Yes,0.661785658,0.985854137,5,0
5266,1,2007,05-Oct,CN,WB,SA,OLDER,No,No,MINOR,2.5,Y,1,1,0,0,C:A,Yes,Yes,1.029444358,1.267526747,5,0
5267,0,2007,05-Oct,CN,WB,SA,OLDER,No,No,MINOR,8,Y,1,1,2,3,C:A,Yes,Yes,1.176507837,0.915435984,6,0
5268,0,2007,05-Oct,CN,WB,SA,OLDER,No,No,MINOR,3.5,Y,1,1,0,1,A:A,Yes,No,0.514722179,0.985854137,6,0
5271,1,2008,05-Oct,CN,SB,CH,CH-FL,No,No,MINOR,0,N,1,1,0,0,C:A,Yes,Yes,1.029444358,0.845017831,5,1
5272,0,2008,05-Oct,CN,SB,CH,CH-FL,No,No,MINOR,0,N,1,1,0,0,A:A,Yes,No,0.735317398,1.267526747,7,0
5275,1,2008,05-Oct,CN,SB,FL,CH-FL,No,No,MINOR,5,Y,1,1,1,2,C:C,No,Yes,1.029444358,0.774599679,2,0
5277,0,2008,05-Oct,CN,SB,FL,CH-FL,No,No,MINOR,6.5,Y,1,1,6,7,A:A,Yes,No,1.102976097,1.126690442,3,1
5278,0,2008,05-Oct,CN,WB,FL,CH-FL,No,No,MINOR,1,Y,1,1,0,0,C:A,Yes,Yes,0.735317398,0.985854137,5,1
5279,0,2008,05-Oct,CN,SB,FL,CH-FL,No,No,MINOR,1,Y,1,1,0,0,C:A,Yes,Yes,1.029444358,0.704181526,6,0
5280,1,2008,05-Oct,CN,WB,FL,CH-FL,No,No,MINOR,1.5,Y,1,1,0,0,A:A,Yes,No,0.808849138,0.845017831,2,0
5281,1,2009,05-Oct,CN,WB,CH,CH-FL,No,No,MINOR,0,N,1,1,0,0,A:A,Yes,No,1.397103057,0.774599679,4,0
5282,0,2008,05-Oct,CN,SB,OFL,OLDER,No,No,MINOR,6.5,Y,1,1,1,1,C:A,Yes,Yes,1.102976097,1.197108594,3,1
5283,1,2009,05-Oct,CN,WB,CH,CH-FL,No,No,MINOR,7,Y,1,1,2,3,A:A,Yes,No,0.808849138,1.056272289,2,0
5284,0,2008,05-Oct,CN,WB,FL,CH-FL,No,No,MINOR,7,Y,1,1,4,4,A:A,Yes,No,1.323571317,1.197108594,6,1
5286,1,2009,05-Oct,CN,WB,CH,CH-FL,No,No,MINOR,0,N,1,1,0,0,A:A,Yes,No,0.955912618,0.774599679,6,0
5287,0,2009,05-Oct,CN,WB,CH,CH-FL,No,No,MINOR,1.5,Y,1,1,0,0,C:A,Yes,Yes,1.029444358,1.056272289,6,0
5288,0,2009,05-Oct,CN,WB,CH,CH-FL,No,No,MINOR,1,Y,1,1,0,0,C:A,Yes,Yes,1.029444358,1.197108594,6,1
5289,0,2009,05-Oct,CN,WB,CH,CH-FL,No,No,MINOR,0.5,N,1,1,0,0,A:A,Yes,No,1.029444358,0.845017831,4,1
5290,1,2008,05-Oct,CN,SB,OFL,OLDER,No,No,MINOR,5.5,Y,1,1,2,2,C:A,Yes,Yes,1.176507837,1.549199357,2,0
5293,0,2008,05-Oct,CN,WB,FL,CH-FL,No,No,MINOR,1,Y,1,1,0,0,A:A,Yes,No,0.661785658,0.422508916,2,0
5294,1,2009,05-Oct,CN,WB,CH,CH-FL,No,No,MINOR,0,N,1,1,0,0,A:A,Yes,No,1.029444358,0.985854137,3,1
5312,0,2009,05-Oct,CN,SB,FL,CH-FL,No,No,MINOR,0,N,1,1,0,0,A:A,Yes,No,1.250039577,0.563345221,2,0
5314,1,2009,05-Oct,CN,WB,OFL,OLDER,No,No,MINOR,1,Y,1,1,0,0,A:A,Yes,No,1.029444358,1.056272289,5,0
5317,1,2009,05-Oct,CN,SB,FL,CH-FL,No,No,MINOR,1,Y,1,1,0,0,A:A,Yes,No,0.735317398,0.845017831,7,0
5318,0,2009,05-Oct,CN,SB,SA,OLDER,No,No,MINOR,0,N,1,1,0,0,A:A,Yes,No,0.882380878,na,5,0
5322,1,2008,05-Oct,CN,SB,SA,OLDER,No,No,MINOR,1,Y,1,1,0,0,A:A,Yes,No,1.102976097,1.126690442,5,0
5323,0,2008,05-Oct,CN,WB,OFL,OLDER,No,No,MINOR,5,Y,1,1,0,0,C:A,Yes,Yes,0.808849138,0.774599679,5,1
5324,0,2008,05-Oct,CN,WB,OFL,OLDER,No,No,MINOR,5,Y,1,1,2,4,A:A,Yes,No,0.661785658,0.774599679,4,1
5325,1,2009,05-Oct,CN,WB,OFL,OLDER,No,No,MINOR,1,Y,1,1,0,0,C:A,Yes,Yes,0.808849138,1.056272289,5,0
5326,0,2009,05-Oct,CN,WB,OFL,OLDER,No,No,MINOR,1.5,Y,1,1,0,0,A:A,Yes,No,1.029444358,0.774599679,6,0
5327,1,2009,05-Oct,CN,WB,OFL,OLDER,No,No,MINOR,1.5,Y,1,1,0,0,A:A,Yes,No,0.955912618,0.704181526,6,0
5332,0,2009,05-Oct,CN,WB,OFL,OLDER,No,No,MINOR,0.5,N,1,1,0,0,C:A,Yes,Yes,1.176507837,na,2,0
5334,1,2009,05-Oct,CN,WB,OFL,OLDER,No,No,MINOR,4.5,Y,1,1,2,2,A:A,Yes,No,0.735317398,na,5,0
5336,0,2009,05-Oct,CN,SB,FL,CH-FL,No,No,MINOR,1,Y,1,1,1,1,A:A,Yes,No,1.029444358,0.915435984,5,0
5337,0,2009,05-Oct,CN,SB,FL,CH-FL,No,No,MINOR,8,Y,1,1,2,2,C:A,Yes,Yes,1.029444358,1.126690442,5,1
5338,1,2009,05-Oct,CN,SB,OFL,OLDER,No,No,MINOR,4,Y,1,1,1,1,C:A,Yes,Yes,1.397103057,0.845017831,4,0
5339,0,2009,05-Oct,CN,SB,FL,CH-FL,No,No,MINOR,3,Y,1,1,0,0,A:A,Yes,No,1.102976097,0.774599679,5,0
5340,1,2009,05-Oct,CN,SB,CH,CH-FL,No,No,MINOR,0,N,1,1,0,0,C:A,Yes,Yes,0.955912618,0.774599679,3,0
5341,0,2008,05-Oct,CN,WB,SA,OLDER,No,No,MINOR,5.5,Y,1,1,0,1,C:A,Yes,Yes,1.250039577,0.563345221,2,0
5342,1,2009,05-Oct,CN,SB,CH,CH-FL,No,No,MINOR,0,N,1,1,0,0,C:A,Yes,Yes,1.323571317,0.985854137,5,1
5343,1,2009,05-Oct,CN,SB,CH,CH-FL,No,No,MINOR,1,Y,1,1,0,0,A:A,Yes,No,1.029444358,0.704181526,5,0
5418,1,2009,05-Oct,CN,SB,CH,CH-FL,No,No,MINOR,0,N,1,1,0,0,A:A,Yes,No,1.102976097,1.126690442,5,0
5447,1,2009,05-Oct,CN,SB,FL,CH-FL,No,No,MINOR,5,Y,1,1,1,1,C:C,No,Yes,0.882380878,0.985854137,5,1
5448,0,2009,05-Oct,CN,SB,FL,CH-FL,No,No,MINOR,0.5,N,1,1,0,0,C:A,Yes,Yes,1.029444358,0.985854137,5,0
5449,0,2009,05-Oct,CN,WB,OFL,OLDER,No,No,MINOR,0.5,N,1,1,0,0,C:A,Yes,Yes,1.102976097,1.408363052,2,0
5450,0,2009,05-Oct,CN,SB,FL,CH-FL,No,No,MINOR,5.5,Y,1,1,1,1,A:A,Yes,No,1.250039577,1.126690442,4,1
5451,0,2009,05-Oct,CN,SB,FL,CH-FL,No,No,MINOR,0,N,1,1,0,0,A:A,Yes,No,0.808849138,na,5,0
5453,1,2009,05-Oct,CN,SB,CH,CH-FL,No,No,MINOR,6,Y,1,1,1,1,A:A,Yes,No,0.808849138,1.197108594,6,0
5454,0,2009,05-Oct,CN,SB,CH,CH-FL,No,No,MINOR,0,N,1,1,0,0,C:C,No,Yes,0.735317398,0.915435984,5,0
5455,0,2009,05-Oct,CN,SB,FL,CH-FL,No,No,MINOR,1,Y,1,1,0,0,C:A,Yes,Yes,0.882380878,0.633763373,3,0
5458,0,2009,05-Oct,CN,SB,CH,CH-FL,No,No,MINOR,1,Y,1,1,0,0,A:A,Yes,No,1.029444358,0.985854137,4,0
5459,0,2009,05-Oct,CN,SB,CH,CH-FL,No,No,MINOR,0.5,N,1,1,0,0,C:A,Yes,Yes,0.808849138,1.197108594,2,0
5460,1,2009,05-Oct,CN,SB,CH,CH-FL,No,No,MINOR,0,N,1,1,0,0,A:A,Yes,No,0.955912618,1.126690442,3,0
5461,0,2009,05-Oct,CN,SB,CH,CH-FL,No,No,MINOR,0.5,N,1,1,0,0,A:A,Yes,No,0.588253919,0.985854137,5,0
5462,1,2009,05-Oct,CN,SB,CH,CH-FL,No,No,MINOR,5.5,Y,1,1,3,4,A:A,Yes,No,0.661785658,0.774599679,6,0
5463,1,2009,05-Oct,CN,SB,CH,CH-FL,No,No,MINOR,0,N,1,1,0,0,A:A,Yes,No,0.808849138,0.774599679,4,0
5464,0,2009,05-Oct,CN,SB,CH,CH-FL,No,No,MINOR,0,N,1,1,0,0,A:A,Yes,No,0.661785658,0.774599679,4,0
5466,0,2009,05-Oct,CN,SB,CH,CH-FL,No,No,MINOR,0,N,1,1,0,0,A:A,Yes,No,1.102976097,0.774599679,6,0
5473,0,2008,05-Oct,CN,WB,CH,CH-FL,No,No,MINOR,0,N,1,1,0,0,C:A,Yes,Yes,1.102976097,1.056272289,6,0
